Name|Variant|Counter|SHA-256|Extension|Base64
Connect to Database|a|1|4lva S2x= FlWa@'-MHh[xzBT['YP#C=e9-kkq=s|png|AAADAAAAAwCAAAAAByaaZbAAADf0lEQVR42o3T136qSgCF8fNICyUGS7IBsXcRe+8izqz3vzpmgF+EXb+rRP3D1P8QV5bkPYe/9Q02ft9l999Ab2E2DhwCB7m06+vy34BLQR67OpB3fVII58+gz2m2aSNMazq5k7AAuNdUh/cILIQOAEZrNKypvxw2AXS3yY60I2CxDmQnks8eHQDzQLlUVgzQoI3sQXoFaOaWY8CVxh/B4QhMZAUqj1Xk5My0LfPT0H4FnA27MKSHqNMF2DDqNK/n0kD6Qx0tFhCm/sxPxdE0Ky13FVAu8klAF8BIIM5kGcBhg7CP0UP8SAIPwJAaomxagHZSQPV+2SfAnYc8ajQRNWAOzpVzxL2d7wmQ60kX+mMTfx1sgNOtriHMGNyZBMDSz6BDL/z9XnzggzOzWDKtem9xJZfbNLBZB8Y8tUxrEIgqsGCcv2wZmKRBXa1L9cJnmw+1efVKve6YpQwA/Aw2Itycom2Ff1SS9ygEXpsdT1OgLE7OYpSDqjT3Ko+bUe337QTQfEFxzyjwFHxIuSkAzpFC8pbHgZwhavMFUCbpIASwmlljKKbQrpzp710DL5kbKoAJZ1Agbia2e5Jnr/6Zg+r9szm+0r+EQO/pSVBc77g32lvBr65XfvVYNTQ1B1USALpaHa1U6fSn0+m433YKGlC4y+vZSALLewHpPDmd0k2AN5/dFDBMMweUvdLHVKyAtZiUPjw7BnNSlBQYIOpCruFIksE0DxRmD5LCCcEPBgw2Cjwa2vcbyvJQ6LWzUOmdXuEkbAX0jkurooCg7zk5hI3De5uxWy07o9aRIwXUhYvmYK8FeT9ul9Pp5qym1Ar47N4E0GfxJwBkrI633l+f+ewAE+4qhlHZcwz0WPoZvDQPsmhFC6p5bEAPxn8ABU9MkbnvEKbtfQ1zMcq/grdvsCflKg+bFURVaaGwksdXgNs5H3/dDxYAWjQQZbAJYHlJADMQcyeLEM8VeEdUPg1UuXFAeZq7vXo9kOsCrNchmSiuU0NS2zRcXRg2Q8bfx98c1KRdIw3CcsazRaCjSU+Ltr2Bt0dyWdN9sguMua8aRu1ADxiw9EdQ+gJo+Hzm1wH0X8A1Vf378Glmo2Fp4RO8CJSm6SwAtjgVBz0dqrd+v3gWpgK/zREkH7MCUJyrC2TjzwD2qFAah1d0XCqNTCjwt0Zyu5Uu4v4O8qfr9Wgg7n9LO07BotcYbgAAAABJRU5ErkJggg==
Connect to Database|a|2|%n[XmKV9EYT=y'buV&d^,HHf+)[sd.IrFcmsBn0}|png|AAADwAAAA8CAAAAAAfl4auAAAEp0lEQVR42p3U15qyVgCF4VzSQoqMvY9Owa7Yyygi4mbdf83mEdEomd/kPf9g979wo2wpWXjZfVzh2XWDU+o/xkoeQGnLFrDi8A1Qsy/H6oZOxyF9FaiTnPd9Wi/GshUkd1YaUmHgkxS0XoqVNfdGaVTHlWr1zIrgN6TiOskwjnMURpSlC1kNFy0eIFlMZFxjOCxB0toHksG6jtCIXYTS5jOH6TjucASg4JHOau2TSw3AiRn8m90tVhzWZSu4yECqu9ypwJTWK3GJO0Dz2MWFtuUYyPBomJL+W6xUtvwGOlzgyvCDLLDlReBux1+F5HhL+mngwAxiHfaAFklv47o+Q+dJKSGm+NCANB3c5LgF8DbmDJKaqXfXAbnJPMcnSAUucaPyCKkcxhH1w6GfTY6zXOFGpxPHMaXPxVPMVR3QeEJMVktAtQ6c4k6G3mNsncgCsGYdsSk/gQG5K+Km4j7HSA04AOp0NUTKwUkDjiwjlrX2ZEIMk74KLLk1otZnC6jxVAqVm+3hxifpNJNizGkB2o5+J5vSy1OyD+CH9356RSiJcZ89AOo4IEOnFqQDN7a9Xtj28LuWSwFIjjWfJkLZ3sY9LD41hL45xc19rISxGsUZigqeDLlPjlV/ueeApUsMi6I58qcZRGo/h+8R/bw5su1+6jGGQ0lkohhtMrRtAVAHR0qyRYNSBlfpKC5QauMa48vpZrse+QZY5KZemO3zAPKl0q3N76IYPfJHieIrZchxqXSgmDc0PDCaK/Iap3Yig4cYGYZOPkln2m2VS1nTzJQqre7sEJZf1xiqgacYX/aUfklpzI58cLRrihLHQEIMGNEGmbXPvr1aS3O71yobkLqke7CeY6WmXmMHSGYElIT+FA84+y1WAehDTkxzyoEGQL2LiwHZeI71vm13UkCHm3dbkAWgSIrx+zaw4lg9kDwZl/iIWINSDl2GxLQKqTYVDFnXuEtBwckl5lRHRKk2m2V0KCqNZV9HxBgs61VBK4q/dl0OfwZRTH9UVBBTA1YQUVVEqmTqEgMf7ALRsMcBeV73W5WcaWqGae7ZQKgyPZP+tIxQkyskxA6M743gvRUAbUEGrktypiJ6L5NiSSm8dybrteO6zvrMvmwdHpsaoH0cuZf1kKPk+J80cdaBBTcyDelbzgBDCO3PsTHkFKjwGLWy9lgE5hzov8baV2cSkFVgxhZiH5wANVJYD7FGF7EmpUkBgB+oiGmBB6Aw4e4hxp5DFZFUo+lRB6DSxR2PKQBp7h/jnE+vm8GVE8VH3MeBkhwjPSfpzqxawUQYT0sAToGGmB54AMqz52FLb70d79WAKVuIfdIGGqT4Toglvfo9Xu1cNxCuxxlQvtsqw2MBmLOn4S5Opp6FAcy41aP2h1PAFGcVf44xZB9Q9/Q+NUD/9LiT2YhDvBK/cwlAm5P0PJJT2WLNxl08bz4rIbRlHaHSxJO5XYy+uIrjFhPlLo9BFREFVzUGqWusDewEPQWSRVFtrocGIunR+r0m+I0o/p3FkJjXITXmgpJsX4tlvaqPLk9vmRTDxir4xqsxFADqIHz0Z+yriETxS3RBSWj4PzEs13UP37jzN2GIm9tp3WTmAAAAAElFTkSuQmCC
Connect to Database|a|3|12hwc^j}kR#}[aENu2u-qwAI},p8.dO,_JllzuMv|png|AAAEgAAABICAAAAABwhuybAAAFyElEQVR42qXW517i6hpA8X1JT0IRkQHEQqz0EmAgFCWkrvuvh7yRIfmZzJG9/5+sS96SR/6RlAcfYFeQi6VDskN5+a+hX9A1DIvtvw5VJ69FuZ0H2JpIC+x+WW6GvYtDVQe8HRA+y9EWCDbA7KKQ6gQh8PFWEaU58gD/ktI/ccdvXg2Wj3JW6i/b+vhU0idWjpWRCJkETck0gYZ6heRyEqFXworEWuO1/bF8v5ZYh6AoR1pnmm2NmwgVPfpx5pNYaJbVihzG8ldPqZBsWcpRD/gYvHVNF5y6iFTg+ZJQEx7jzq4hEf3Nx78RkRW2dkFozk7UNZxr8qXmstdF6nD781A94E1EPtnGHaUR8qq+6NkO2PbeMgfGr8JfQvc71KG1oCEJUw5quWmbXj0v5MPhWUTG7CSpDjWRohmAZRhP3eFs7RH5eM4OwbtE1gwkxaOtrvj2fAUqD+M9sK1mh+4lYvMmKZ9ff2GZvkuNBTiVv4Q+6EjKgZdvIeXWZZEZWrU09fOmJBVCHqKVvX6/3T3sjNAHqIH4jqdLwiOURBrB98F74+BkhIovW2iKXIfpTfpgJSIzgln6SlZHIZkhEdkzUsPEr8kfA3WtND+1c4VGdwOEeaEeXkmk7OA2Ep2JiLxA12g1my3D6Izmn0ScznteqByoMVL3Cad1ESm0P2GlqzGSxmFyr8lLXkg2LNUu7gHftgEmWjxGvLgV2vvl+PX+SiK5oRtoS0R/PRAJrYYoFmsR0SQlPzRKnHzN6Lw8lOSLATVRMkPt9jFUfq+cN5uxiH4lCerTik1wnR+6gt94ayankMxg0nFY1c+ZFwfL2BPcy7t1dJcVkg3KwymkSspnT62qYfoox44cAOaS0DmFqgHATE4hVQrGz3tQD1wpgMA0NqojjW6326nI2a13Cskr4BSTIalHnzZ/E5TUt91oLbWKfHe7ABVSLLiTVChWCviwLFetcnD/rVN5mByA4By6sjqSFZI5iukQcbbzYffdOHrtjuabr1H7pDb7LDNUHk3n0BOtNdryXbiNhn9+KKVyuoSF2+f+zPq07cC17Y017Tz+0tVydmDbq/KPQ3lGKP3MUNXb6j8M6S7LbneFo2WEtC0MzqFfkkV7edCk+LKBa/Wgr58Loj0+p0IdgEZ2aGQfGSLaAuyxB/HMsQB3fIBZIlQLAPb6KZR6svYAs6ijBIu2plZoLEIg/YhsCSFkcAo5dTmrGkelqDOsme4kcUuvp+60No5LKqR54QiGLE4hmLe+jQ6GkmkMxldIKrUWaLfFU8gFHPOppssf9+edK7ZH89nwsSixBrRUSGlB4vjrTzsU2zJH3cjQBFMipVGAEgxKElnwKXmhXyK1juWR5qop4UC4Mc0NYKv75jP4SyiiXbdeBqZlrW17bW1hEnUCgnj4lfoBflQycfX80DfPBBWRkoNTE0W9uENRpBpi/Dykb9SZjgjiTlyK/7EusfQfhiojF9oixYCeJAwICiLP4A7K/z80Q/mti7QJi5JQVu+hCitg8T1UhAdJ+ARYVUStbC0pW7U2qa7YfA/JFi9ZKjebNh2JzDEl5fSFfmbo2oGNUZCzj7zQgmleSJWWQGB17it/QssbORqykZRdvLRa1tKU1teICPaWOZ2OHcDST+8rz67UxCmugXlGSCm3J3tSDHX8fUkY4uvq+A+9Yk5I0Wvtt8F0Zh2ZNov44iRGVSO+VhZW5s3O9kx4LVKyE0Ov4bGPHhEwLggVPHVANZ9gUFb7MwzxbtSFdfQLQjLGlah0AHbzxQ7Y3+SOkXzagalEiv0Axe8VJTLD1lKhtZXtXSKPUJOY/tCfTnt3usTqcH8ONcl1+NpsxpJFm0L7HJKnbp66KDMYN+a+WT03qjN/Vp/CNF7aT81QwtVTQe3Vs4WiOip0Qelz6AIrOVoDztBWnQtD8tQS0Z/WUBWpwcrQRGs9aXJhKP22xuIgKZeHZIDS+8+h8sI6mhcl5X945jKvYDRBVwAAAABJRU5ErkJggg==
Connect to Database|a|4|;G&K[Xnz'yWp^aH~T]H@e;hXG=-lNl6pJ2i$x@n!|png|AAAFQAAABUCAAAAAA5AE8dAAAG4UlEQVR4Aa3Xh3qizALG8XNJL4hI7DEGWywpptlQEY3B4b3/p52RMXzgill99re9/ReBaf/DEX3GPd/G9f6INqhs/mXUIR3HWZO1fxA1MpDMB3IOoEwuqtjLXR+FLcQwXxpTakLySG67hr3kwrg2ajMy0SHVtvzhGtdEVfOb0urBgqLdvgpK35dWVVQ1+3pjsbQ1xOSG67e86TGq2u/nvBXiUUPIJtLsqy/q4gXPGsej+o6+HkX0emfQbxYR6ZBPCH3yLCcexZBsQCmOBUPrng5lRVr43e4omg+4UFf5Rka26vWvkGNcES2SLiTTJbnq3xYr9seOZBdSlXSuiY5IG4C+JLf3ULJvPNyUJVm+PGqSKw2AzCxNRJoBRQFAnXy7PNolHwAUA36ZiOmRU0hf3E2d0OR90LnPa79G9YZD0lI3oY6EhfrgQyYJ983Ono3OKE0AZARXSKqRzwBKASV/EzBm0dLToySdpg7g7s9hpfnq/8k/bw8DIFuoNZ+n39zze1p6dBINnBqOzLhDKB9GIzedaUBylf8t+kgWceSDNJLRiNn3ya35S7R34nUcM9BSokB2Rr6mRT3VapI2jrjcYi/TS0ajW+6djvqU2RqAAvmBpJx6UfVwuu7jWIncnI7aXyS3GoA1fRMJA7INoEUyGJtI0jq71Ci02oKsqpv6hjhrRz8bvgMcWEjK9TdkehS4VTdc/yJb+E9mSfYAZAMuEWfVn11KQpyJYkuRUwMorCiWbC50AM/kvNls3t3L7/rD0cJnSLxZ7rlolxxCeqDs1DRIucH+jpkATME/iUnLAM5GjYBr7DX2Ad/5GC+575uQ7pn0vXh7KGmQzkft6BEVp/zhHxYpU9CvVutNqVqtWiqH36NLsoCD8vNKkNtpy8DBe3JK/MuoyaM3NHP8tn78EtWcbUlG7d0wimJBerJavUWSaZtAh79f6Y0MCK539GMPyiW9zop07/Cf7JOgeO+TbMNabqSJlhLFmMogiqqq8jUsYU9vzQIqsokWQzdIWEdR0+feUotFVXU0oyTykF4p+a9r1YTx6UiPSOgyisKmJAqIR2E8P1lA+c0nn9WCxU3XAOpvdZxWmDIWxUgNx3g0ovvc3lhWl2QwaehIkWvOyUQ0u+VcS4liyDj3tVUykWCUO6+euoPbWBT5ThZp0SKV6YPHA+E5zsf7nuNsBA9m9/GXX0mLojYYvJCOKfv9ueBJ35O2BVwQVe/yC0JasTF4j13e18Z579/nEWrtKBxnZl8WjTMsS0eCGTAkjNRo79NMiabpktvNZku206ItcnZZ9GYdXmOOXFmnozmfZCcWHSIpV5UykLJTr2dojSXJEaQJyYWNbN+bGMnojNLOSo1WAkpbWc2uSO42lEQp/CNBaS3U2TAW7TA016LoBAk29wJTNfeCafOQMNszKqp6iFo7Kp0oykcNMVpjIFXCppvvbznKI6Yw5lev4KnqIdogP8mJ4DSKkp6t4w8O6WYBLYsj2cPZcBJFM2/PRfKp/lmKomrmq2eQ5JF5RDLFWq1oJDZXrooq+2j8lRp/ci9YfXbtiqXFzhZ9KFrLCSiJaQMHT2TnXHSo9uQRIVeTb1Jt5vZuPUZWFexp3/Qz56NSqTdWobjAUJsZaf7Ybj8tSAZtSCbp4ZeoYlSa/bf3seOsXMeZueTop/l5g1B+RDKsTsj6+ehJCwZ5tU8ULUQ6AYOKiswvj1pqa615ZKwpq6SrAXAY5C6Mmt1DrEV+ImFM2uqueA/Zv41qrcFgGPxMnjMGN0gokOOfbaew/zJqMyRGJQCZgHMccSk0AJVRQE5PRg3S1RFXVu+5+fN3H3HkhVQXbwrOTkYxI+d5xJnVqsdtdA5un1gGqgjt0qLWlgw+qkhYxqKdE9HKL1HcOJS+3mwrHvVzx383Mvz5+JZIi0pNjyHfeR+069Vq2XJJTqpqo7XAEZc7HcDtNPVBKZW3Lx5Tz2qqxlVMUQ3fXEByV0+LKvnO68JnQhtAQyVipuS9evmXLQNno4pZrDV7g1BfLeTa6uhR9WQM0oI0gfRo6oRSVItr0Ik1A4oygDLp4PJoQw1HtElOCrGzV+Pwet9dEcWGzIbVgKT73O29rEiKJqQc6eGKaFbwC6GKy8iyjD39m7vMUfSjmq4EpR87Z9sTQWk3ruPgkewmo+d1oiW6gIhuqcNq2hKdFTyrH72PnilrJo6Ysm2tyVE8ilLzHFsDorNh6emb0yJiyjN+P5Zlc26o6CVUVXEecghZD3Mqqqmil1f9NSVRgXQbUPJ2qnldFMZ42cmg7vBwA6dkMLtDpuuO4pve6+Q8BmY4Mbkmkq6P4oEHLfyzaPQW7jL/MAp75kjTOo79HzP+ErKkbKV8AAAAAElFTkSuQmCC
Design from Scratch|a|5|1WwgeiKC&Y#$d=Dpe2(MCf{)2)){v(FGYt)v~nAv|png|AAADAAAAAwCAAAAAByaaZbAAACTElEQVR42q3PhY6DQBSFYR7p1t1t6u4GlFJoy3DeP7ZG2CnM+n6xFviTexSKzU1817lFSvyCuxrGuRqmczSVKeYRCrMvJJHlhmLe/O/HkHMHfqFzxdXe/8GSwpHIo0GBKuQkE/mvIFe23GohEvo8X4VZzgWD6p7jjdYWm47m4hXfVcSgC9ibyfk+Xp2BJfnWwHk1vhuTjQ20hcB8/ZfOE1HRQZw8CThFIiqkiKgNQwhswFgMGOvPNBdIkCcFuOqsz9hgYQAXMXBUF28MSwwuBt64qvMQ2BQtNBhrleK0EYMtxUstxhqFKFkPwT3j330Sg5P/O3N/CAB92mOsMznwxw38MOkw1pvqwQ0aPOZFDCwTHi2w4e1WVkkGNyQr7G1bYEOaPHFdDPQYedK3wAZ12mGsPd4HN+zGbcY6Uy24wYDHssXAtuA5hTZUWLfPqmnaPm5IV1m/y8qJxw2XW5I8MR1x8iSFDambKQQT8MOENetsuLvjQD4Vzm7A6k02OXAMhYC6JjzXcZR8sckVHrNDYkCUqrVHo24jSwG5enc0atdSRIHgS37ArR/gPw5+fpI8yCxWq0VaHjgnCqtxgNcozHAUjafp29JcU5ow65n0t2QaJpoKTV18mzshhag4XIn4feVzbyvRsECkUNBdJ9/VpIBwEMGOfPrt6yCPOfm2SH4ZtNAl3wj1L4MlCuSrYP5VEL1fI8Kg+/WzoKZblg1uCThsy9Jr8qDkupaUi6I0WKJMUmUs5AGKJFXEUhqUwTVVQuOoyEe3TEidm/TuCb/ngKivfaKgAAAAAElFTkSuQmCC
Design from Scratch|a|6|3%_jQ;JdgKt~3IADg^'+q(l!=~,QIa2%#x 50i[.|png|AAADwAAAA8CAAAAAAfl4auAAAC4UlEQVR42rXS1WKzShiFYS7pQxpXYsSJ/KQlNpECJQTW/etmGxqoP+cvMIvhiGrbGz7P1CTiaODhayyRq7owRq3HekC3lWHsYM29wBAoIJaiGkCtFCVQaASDs6FQ6BW5ThRqwOM8NCjkIZeTiIF6LO6WMvXfjRuUqf1rcbmtAItOjacH+Fp3ibvSKj2KO/od/3GPIyFRjlkwpfMiJ2L+AJ9jebBv8JlliqhY8Nk2POsO346PxWNg3y8SvRgSSbLmQqeIHdw/skSS8UJU6u8BJRZvcBuJwUfKrzAo4g1XORhCGjn4k4h9V32pqovn8x2AGY+B+/lZVdWVfvWAVPzmIOCZydj0EHDeUvGGb061HWPH53n3qZeMe1JnvjkyttemLV5LxxSRjikiHb8Nwn/bOiXjU4v+JwzSnw24543q0w7Oo8Gcvab6ns8ukIptFyErGVsIuXb6zII8+3sSpi97hfSZC72lzvw5NzNZ/OnBuuFgDZaMWSMcrPdoMOeoqZORutrZjwazdyt1NFW1owOk4puLkJ2MbYRcJ31mqbvQ2enCdmul3E+duaSsd+xy8ufsSpv8wdIxRSTjJUyZAtUDThRxxaFGAdnEPBZXXeC2W00UZbTQTQAKRYwBWPpipCjT1c4BnHIsptoBEdcuxfQNROwrFIt9BWW9P1nWhWmTCqVUp9rxYllsvxoUiKLxp4Vxt/QlXfjxl303/vpnf3ew7Fiw4DP4nNhFOys24HvNimXcuStW9CVrXLkpvD59Qd/DlOMvgME+zQQuAkdPB3zJ/ok4IqrP1IQLLmqEBaYmzGpEfvzIFkuK2GFJKZnxETOK0LD5RGyiTxFTsI/Hghe/dl04H4+bcHmKKACVD8dznJPHGH84vmCRvIrsI3F9oChjYKnErIGRogxqubF0QK69mBNvACsHoGXHvIsB5Rjinh0/ASXKUQakzJgsHORWJvkAk7LjHt7Ry4mpc3aRyT3LFPMXodrsQsnnn0QAAAAASUVORK5CYII=
Design from Scratch|a|7|!3RwQG_Y0~X'oq63G]F+ yks6,oA,RNbe_w;JuD]|png|AAAEgAAABICAAAAABwhuybAAADkElEQVR42tXVh3ayShiFYS7po6hj58euKWDF3jvivv/VzkgqOIgppz3pyaxXZSdRIqLC+ICfcKYGkUTyAD/3zEOXzmZ2wxpYz25ZAdAlA9jrdEsJMCjqxEQa4uzvZKsBHaBVDciQzwKOdMCKPou5uIOj0mcDnKUzBvRZBndhVyGgHwx19Qj9O0OPFMH6H4bixmXsaa2UpjByplifAc2qEQ8LGfYB79xJXaEramPq4t2h90cQSq4QcChSQPmIgHkiGFJ2ADbdhmEAll5tzs7AOUc+fy7fmzcrugUYRqO7AbCRAyEDWGboovSoEBfvAh3ysYFOjDjlofAyzBLQA6EycO4bKr2Ss9YBsMlnBBzMjEyvNKN/BoyrkGcztbnx6gRAFOJOy5HNTTfghCEHPo4odAqcEYZK2afRxsXFbtoqyqKQUmhN97hwN+OnXEkcIg9jKnlEIfIojJFHHKqQjyoKKeRTEYbcTk6mN8mnvSi0e2T0Rsl33LDV3NXQbll2f3YMX82Z922rZQ9XbthqLnxcUSh4Rhgq5q3JDp7jslMWXiO13Fke4dlPLL14Y7UEY0y5vZrCjyRurFYmH/mO1crC0KmVpXeJxlYU2jYS9C7bCl2NL9IyTcue7sNX201tyzRb/bkTttoZPmdRKHhGfI2M1sKBx930a3FRSKvaaxceZ9E2yuGraYylWDz0YtNFnB9h2t2rKaKQHLlaDnDMJL3TqmvAIp82sKpq9C5lOUAmEKIxuMOkZ3Lt4cb7Kk4+7AhuM2ybXG/ifTWgYEjheb9BggKSI/g5z3IwxGlle+XixXbcYCTAHkY7vHBXvZIS/tzPkrqeYTLdoLC0rieZ6Ln/Z95Di+qPLbzQb/i10K89tN+72NGhWNWj/TjUh6cXGTphRrfUXXBujW6Zw5GWcFT6Ie2EhfT886stD4AnSTsAi7r+A40lsFclyp3wY06OJKLUDD80TREPccnqk3llCAxMnxnQMa88VRhxEoWpATr5NIA8idwOPQGZq+eM4jdCHSBOPjmg8Y3QFCfyiwHdb4R2WFLAAYuvh5jg5kdw1S+HKkCFAh4A48uhAZCggDTQ/WpIc7GkKxs48t2hVG+92+0OwGl35QTs+Yd1LxUdKrq4g1uICsWOwHYWYQscYhGhCmBSJAsoR4QsgFGkJGBGhKpAgyI9ApWIUMIBFrMIS8CJR61WxT3Olcj5KTd2EOE4ylHQX4ULp9qCav+ZAAAAAElFTkSuQmCC
Design from Scratch|a|8|B;P8B$Ylt-v!^n,wwi]vZ)O[jGSi4NbQa_,zE(]U|png|AAAFQAAABUCAAAAAA5AE8dAAAD/klEQVR42u3W136iQBzFcR/pb2/YG4oFU0fFgN1FhPP+VwvpAUbHhO37vUr9pZzh48SIKN7VTUTDXg+TRG60sEWUtnk3WrAQrW0iRmsAk2bunHvgOneWdANgEOsAaNN518CIxL5uGZsDjHwUFrQF1iyoSz4SYMVMoE4fVXEBiT7KAk4MQJY+6uACDU40HYxuVSH7i6IaCTH+RwWiqZqsPgB7VWkV6KRCS1FNYDaSa6lT0drdHu9YmpyiUKnewxHv7G6rnGhlg4DDgEKMjghYlcKidQceU2dzYMu0jQ3PPQVM4bE3GtsCc2aY8NjVkOgecGZt7+2MiQ4RJarXBwAShTzF5nUlQUSys3/8hrbmAOtgNAXgmp4k0vSkbANd8ukDdpmepOP05BZAeBT7cS1Jz+JSTwfCo4Dek+JvJ2a8Az/qOawNXTMWe7j4Uc/eMOa6sTrAw4/68aN+/GhBmVt4Za+uy9Pw6Kx8vbTx6qD189xo0luy3JaVoSzXC968vCgRxfM1WR4qcruc8bY9EfXhR/340Tb55Dbh0U2OfNrcKFbDUoJe5DuazRvKnrXfuonScH16fWdnzBibGGvr3PrWxpgwNjN2v+BIFUe6hTfru6rGGap2t8Gboz4qnlw/V5MVVR3JLSl5ev2U1JSHqqrItXz8px+pBvlk1pwjlSGfBjeKhSK9K7Ym3CN1ZM00vZKUxen1j+s5c02X5rn1zeWUueYb6+cfqcp47eDNftKah0e11mSPN87qqnpq/YTUGqiuUafijaHx109XOyPVNWh5j3ZS/Ejxo378aJV80qvw6DpFPrXQKO0BzDs5epWs3XJfoq3bWpJeZTsPANYnLhOLKbtS75m+xenLhLN9YPfqFZsuDvzLBFXXCLDCrz0WApYl7gVt96E46yYoVLI3F7igvcpUeuqYsWt10Dh3lWwM1BvGxmqv7AWC0Qj8lOiURWj6GI3aj4pG/+f/MeuLR+OT3d61Y4kIo008q4tFLaBE56RWeLRK0TkVwIytgD5FaAgsYypgZSPc6QiMYhkL+FaniDS+AVYqRl24rKURgeURrg7FiAaIlEJelMoGouLoJfKinkxNDqUA6Mo+Y8CUw9UyRK9Rnhxgk18BOBCPQFQCTPLLAE78C9E6sKYAB8h+IaoAGgVsgdoXorfANQVoQP8LUQPoUsAYYJ+PJmygGPqf3n8+WgGsOIXeRfOfjo6BOYVYAsqnozugSyEGwOryaKYhu4YAhnIIFUBfdjUzwtHkvQNRdwmxaNzABfS4ULQPwDSEmAB6QtEVwEhMfAIshaI2UCBBEmAJRQ9AlQTVAVMoqgG7Zk5Iaw/MhKJlXKQkFCXFgbie6BNV1kwIMWdlCvEdPQmxdkU7sQEAAAAASUVORK5CYII=
Import from File|a|9|;KF&K0Q}]4VzWK';Vx!68b`ah7a;5(ML)O5!+9#t|png|AAAC0AAAAuCAAAAACZ5c/oAAAB2ElEQVR42uXQVWKrYBiE4X9JA3F3d3czSCmF2b8erEKU+/NEsBf7BByVD75gLGQ43Dpq8LXe37rCPl6IGvu/dY01vKKffutIZRa8jmqkU2d03pvc1A2eFafOGrw3u6nbLL19brVeQvCaZD94/TnXL7d1JO4T/jsTVb2pC/Qzs6/qpHL1Ocdf1ff+01oa6HziJCG+iWFEh7mPQ3T4lAKUWMSUHlUWqp7GC78H5QWLwjgioCob4vqBgLosip0pI5gpk2LGBILZUhY9FhCMokFU2cSPcMRbRnHPOEJkOYQnfyV3USC5NakPACgT/IpyCWH/uSRtn6toG8Q+1UZ+xPlNbV9W4GfgMVaBZBgzPQqgxbRd+8YNYT+8S9aUSgiANnW2vvr+2h6HsAcDV+pEYx6C2YFNnfpre9QCE6bwLd4zFtAmgNSUvwb+em/KEOiwBFdSAqYa5loYaePInL9Wr4BAhS04spwlc9cD4vqlkl3xDCi7er2egsvc23WGI7iaOqmkgPSRNNasQKGlA0ecC7sOcwWPlIzBEU2GUZTxV54Du4Z+QgB11p36oiOAPvNOvWEY7y0Yd+ox03jvYMKpW6zhLUlT3TpN8/qWzplbo2fwvXPUqyHH34rC9g9l7g9UGShv8wAAAABJRU5ErkJggg==
Import from File|a|10|3$)E1CgfNAJdr;TI+V@S_.VE5j2L1G^pf$&OWD{K|png|AAADgAAAA5CAAAAABGsbdnAAACc0lEQVR42u3QRYKDMACF4RzpQd1D3d3dvfDuv6rRMWp0Pd8KyR8TMBU3fM2Y+GG6hRm+Z6P+Ceecll+r6Uz+CQ+UeMOAJUsYxhv6f0KvV/8kdC9IXkNvf/xA8U7Y5FdY5COGYg2nbKXNrfpH4weqsIZzpt6/nFE55/woPJkqH4YMfxKWsGTCGirJtEXiT7i4F+Z4R+qNMMY7tDdCuLwWTrwR3mc//A/VBatSZ1Y+4IbJK+WELblm5hKm9nxupwLZVRBenTdjN4TGV/YK0GMWfoNfphAjLhLyKR8Af9EBBKSpTGpiTwnbRix+Fg5P4Zxp2LZkUvRZgW06w6LGDuxyk26R4xh2halDxLmBXUkuIYI0VPzg9jpwpXhduK/EAYSD9OFLZEnqbScAV/NAbos4met/whYbENhRw43rYLTKcw4B94rLZmfPgXInHLMAgRmzuEmxBiiDporB+QmO8xBruGIcAl1WcZNhCRd+zhScuPWNYg0NBiFQZRc3Pv1QDZ+LLAu46NNnCb2kEwJZTvElsb3eSIkJXNQpLaHkARCIcotvaqK1Zx05ZnDiRZsBS5jm/Bz6SRU/ubeGU172X9wHN7rDEpbZP4eKQT9M/pILwJB+ZUUJhA86O7CEHdbPIbaMwVTmTPoL3CrQqFe16IQMn8P0SQw3E+Yv4YQ5mJQWT/YagOiWJ0tj6cCcZwvcrBm7hB3W8MWXLiddOFNihZxEsgqE5FkIJpUMXMIK+7DDRzovYZoz2KFxD0CYDzZkODuH5tI2VNi7horBIGzosnYNsWYcNkyZNcMhO973hQ/UzDBPe/ZOM1THtENPwAyBSPp9SQ/OjoF5MFuCFweMAAAAAElFTkSuQmCC
Import from File|a|11|#'oX;.d} dGb1o}6Aaj{9F@~Z$Ejdx0,JIplDAvX|png|AAAEMAAABECAAAAAD/pNcXAAAC8UlEQVR42u3TRZLrSAAGYR3pt8xuJjIzM6OU91+NieK1wqGWh+jbVxYbOjCLM9wbvuno1GjyM2/fG/f80OR7Iwkfcs2sQ+hbowB+uReH279lI9BYwaFhJrKXPMm50YRTI8NFdsSx4bfPGzkuizk2YpA6nYc/nb3kXc4NSHo401Y1H722Aaxi1zeoXNnIfM7oX9m41ZCBcyNUrjoqBdw3CuAs476RBGef7ht6/nT0JHcNF/5rjf8bvji0sz3IZy+5kyRfUJI/lc22oJydM7vbNu4XuLI0JfXtJ6nEmbZfRmiFO5Zf8tnkpArnWjJKMMxnXXiWpNwgIoUy2YPyEu6NEVOfvHuEtGFR0zVsKsaMjq4QgrzRZaIr3EPcqGHrCu/wbOQgIu8yEDO+4FHeVbBN4xE+5V2XmYwI5OTdlJ4M2d8eSCAW8ekgEg3ogs1oQxO6OnfbBRYZbZiZKTBOaKPHh34VhpwMdZjpTHiJ1Z9BTVJwAPZ09zmdG4/wJWN7sjrJMwlJcbiXOiw/ffIlLKpybnzCkwxlIKqT1u6I36PSyya08Qp3zo0sRGToY5M6qdHUXoOqdtqUnBtVbJ8MPUBcJy/Q+4pqY86Ldr7oOzd6TCVj+/N0Jm0B/RdJNrfaeWbq3Nj+ekOyqOtcKNMHktKSe+28MnZs+KCybYzp6xehOlZEI+LbQF1ZOo6NKGS2jTZzfTPjQ3mGkswZ1QlJx8YTfGwbZTB1YGZH95LMOe+KWhQl3S5hGXRsfMHDtpGGmI66LOK3zx2skJSAfvwpPoaaNo1GdiOkoxyEt413eNFRaMCG/SVJcYsNyyKxaezc6qiO5ds27iGhE99bo9st3O6LmWa3mQm+Wu9SproT0VGfibaNIBSkyyJyNKe9a2hFU56YUN43RgzkSQzS+0aThTx5hvd9owQBeZGA+30jBbfyogChfeMVXuVFg5X2jVtIyosBo0PDtJnEP38uY1M/NNTCq/djIzLDm4aODQVTVQ/K79r6DWaWkAcrNgemAAAAAElFTkSuQmCC
Import from File|a|12|H@F8 5k4hqOn6zl6l!!)#k7[oj!B-Io8!Wp{[_yd|png|AAAE4AAABPCAAAAABgnaxkAAADdUlEQVR42u3VhXLyWABH8ftI/0jdFfd6gToayHn/sYWUuZNhGli+ZH1/45GDXDOS5T+M2FivrhgTqw34JZ2fc7f8oqsfc2Po1jfV6MHzT7ltCBxt7Bh6P+X2YKiN2Nf+WTm39vL6Hru+d7rW1opchzl7Pcd6wX5i7gSI59qwXjkxV4ZB/MeWWC88TMw1oKH49cPTtXa1MpdiZKevr4/n2eUihWxzgZPhj53AYVa5ofQGZ39W7nhAot7+xrlnVrjbONdihdrGOa/2kKjiZjwU//7c/7n/c17pa3GSTV/X6l5rbv9IM7nu6+K1ADpXUW6vzyam/rw2JSf5IcR1XBm3x0bCea4Ad9L2Uo57mQoQDH63r5JmdsbhmaRyL3ZnCuG+eYe2o035W1q23YOaCWBfmSjCo5nCtjJxDR3Tg2NlogZ3pgs5ZeIequYWasrEC1yZCtwrEwM4MlfwqkyEsGWOoK8s7MBExodQWTiFTxlNYFcZyENbRl9wqmXu/vG2ZPkHB67WqMOtjNqQX94S2yHQy+nb9RvAZ87R3GvC0D1ARUY30FiqjfnW0ozXYaHrr8q9waWMyvAoxT1Cc2/7aginkrrQr5wcl3rw6qzIDeFQRhcs3x/zopndSedMKkLX04zThkpyzgF8GR3AYHk+3mnO1Uyfoa+I22foJOZ2YSwZeRC6iuszsLvjIVRjG9pZYu4MPuY5BbCnuCoEd1f+IsFBbN6XEnMFaEe5DzhbHgsg7BxKqoGnBSekmZhrQCvKPUNh+Zs/B0B4LVXAj+UaiblHKEW5FjS1zDm9D5ns6BqONHd4pj0oJube4SLKleApYe+vaR8aUS2YHFfgODE3gv0odw7vUty+o7kpj9Inwbak3QHBiL6Sci7gRrl9GCnmpEdJM0fQkq7gc0fS/ggoJORsxNiw5QeEd+cn5REcSbqHyV3uujmG6U6UG9Qj57LsTzT2Z8s6Doh8j5DTxOptzXN2g7DsAJjvQTlX3PbtEHi50LejxxGMO2fn0+BQehws1GTZ6WHslIlY7pbiXE8zV8dK8gzFec5O6DTs0jJ2uaVhF76xm0EadlsydqtK5QCGmjF2I03DbunGbvNp2APH2EMojeg4tLkHKCuVNuRtrgZ3SqUHpzZ3AeHTQwpdCH2b80ak1pbN6TIkpdFeLKfjdn+QQu9hW5HfAA+VMTdsfrPsAAAAAElFTkSuQmCC
Logical Design|a|13|2U=QpZsiRAv)06'JaW{ Q25s%cfs']@S@@'exA,#|png|AAAC8AAAAvCAAAAABWTMxwAAACAUlEQVR42q2U1ZIrIQAF55OIFmtxd3chzvj5f72X2iUDNaxJP0FPP5yoRTILG1/DW2WJlbFxYzEcsDhnXJLWHF0SZ4m0wY5Rsm5XeUs5MFOXRQltC1t5ewRnBo4Yy6Ko9/KBzsOf9Mlie4pDr0r1OFn4r4+9CtX7zDLAG6eSbDV9Lqn9EddhregNy+1tEL7IXOhRreCOyu2N0Pc+Da+eek1yu+jzSMHXddQDEJ/y2QPQi3oAPNJKv+9tOQDvNOupPXvTZ6HVfkUkObVfq1rb330ggnSJqb3bpa+n0l7vAfj8cLUR2+9JrfW75uLEPX7dDltKL/RR6l/t90e5hNAPjZPSC50UJ9o4x/bD4Rz6fqnD2P5Nabw98xtbtGtqv9W0cX9e7Tfm/cQO52VKCEm/9DjK94hL/dy7oaL0z1dIgp6sdd3Xfy+53pIxthnX0jI2aNl/CdnzxZfZif47iH5Pv0z9vf3NwaBPzfuDfdxnAgD9uK+gZZ28FImRppQa/29zVgssR7/EYzc8Jywyx5fhz8QipDBaKJywu58DV30ya6WI6HUGeCaSKyc6hn6KNJHswsSnPQui8xz00947Rec2Kp/1z5iaLuY+RekETRrhuJRm3+uzOxhxquZ+g/3CwNILHkx9ImDESBUtU08c+5mamKJq7Ft4h3PS2JPSdGGil1Kaf+IEY/FbRNEtAAAAAElFTkSuQmCC
Logical Design|a|14|-_4IgibES{tx4UFz.b}3oHsj.2~j_'=@#NQi^7`^|png|AAADoAAAA7CAAAAAAPjMZRAAACzElEQVR42s3U9YKqWhzFcR5pgTmF3d1djMGMiOv9/7pwgtiIdet87PgaP2BLQHpp8FHf0wQkNPiUY1JKnbnMJS96I9+Sl+X2nEoLLuBS0x5ZMpf2UOFK8SgZzMBR4FVFOOKkRL7AUaOphzqxcTWdI9T8D0ujueZQ49e4XUgiIFloj3V+Dpv5aCBVF2c6tiX4FD/pOC9Vf5q3wuNqNOd2MN+T7MGjS/KwGHxyMVp+k8z70hU1FUC09w4gMeJJgUM2OEkCeOvFAHxsuPKlW54nxVfY4tnekYzBESWP/VwctpfCxOReSH846l+0CelPuv5NWyDtjQ/8yVjUxLQ+N373k24gLQDRd3sfjwOKmMaB2If14nsUyATSGlwvYvoOVzmQct1IJQBEPyoTU0zNWeXdfiaRqq8ZSH2EVCCmrc7aoO28G+bFtDjYmrQZWrd+aUyIJpPJBC6PCXHrxRgujakDlyqmGbjqgZR6r6haH/yea20optTa+XfrRbXQ2/+jY6pVp3uTFn3RVsU03ZofaDH3s1rl4piAuAxLJDgm28/rrJBqHCi+NTUCh0KW4JC7/PSlTdKY1gv2ul0dHsglPBakPqxmrRcL9YlBtnyp3DLoOo+j8IiOz3QZLXFZixQGK93gSdfG5TgE8cpI00809PUgH4GQPsJN08knfNjp055Pn//B18eUtMgIuGPCW1p2V1KTKi4b6ZY5LnuzUo1dPKHFrVThuabgQXLFZF2Sl6SpP8gkV7IEpWfyYeZAhgQgkha0uE97HFlLC6KAnQZVuIDHjnmIwtImR/BYsXJ3OmIHHkP27041luFR4+reVDH5Bo93msqdaYYGvGSD6TvTESfwmXB8M5Vb2o99xdB9jj/2N62tXEmXvGoth6ZZmo10qJrJQmja5gRXDNkNTavcRRFK2bIemsaPPOmhTjwlQ1NkvnjFdxbhKeSPdChVgc9f3WK1KyWMyioAAAAASUVORK5CYII=
Logical Design|a|15|M&wK^kB1^+}yo_5A6O;&%i@#WPo8P4`JW[]2}'3D|png|AAAEYAAABGCAAAAABURb1YAAADXklEQVR42tXXBbKjQBSF4SzpEvfwosTd3Yg1cPZfNk3GcBmf77nkL+o2GiESpAPDj3utc0QRih/wk9Qyz/CKcli4OwOrhYcj8IpH6sApTR66QJy89IB2ZA+WIoNkf2C2B0YDsyYZRVXMIwxbMloigA8yemIZASZktEMANYfM2JKR096qwTJX8lb8rzLJ6mh5YFAPq3E9TU6EYnu2vQDybt4Vo46Z2hFGl6ZAFqnpCwZsnrVnNtApNwZFfkF3jJKJyKB7yMDtDp1as2ZqgLqoJYm6mBIlKlMGdMjkAlx6BYFid5YhyrcOwEuwZKbAUCBdgt6awIaM4sAjS7ponHTJE5C3ZGbg7WX7I8v3r4zYmj0Ay1GSAHcc1YppLl/t7zQABVvGxp6xs2e07knDN9fhw55ZL574RtnMnDIgihbr/QEniXEi2Z4ZEqXLrQHXqeaIai4ZA5eMgVtmmKDvYl3VnpHLZJA/OGagHcbSh1gSRWm0U51H/Fh1aiL/l2p7LuN3rhSqqwe+em2lmz0z759UfHUZD9xGnCzWJUlqiCnXEUezZYmr5OK/eaVWBfouM4U982zF6JtoVXYZ8X0zbPEtbg5WN5cRq6dpT+K6kz37vStVGB1VfHGeijd7ZtxY3fEF27TbriNOFkW+d6U8RixkRS4Xcx2xQCY335Wq2zNt4FgzhD42wIiMhCeUUZa+SXaf0OKWTPIJQL0sh/wsMFy8d1aWJZM+uOd2NuCmmxu4me3KkFrBbJslC+kOk2dHsGV4qLWWNbzJ206G7ISP8fGFN3aaVgT3i28qzQnkIZbmEj7X8KDsmdPgJynvzM/7lZl5+iexXzRi/4y40E3j/pkJedjjTSIPL555YUseiv5bEwemkR2UNP2UDtCI1IBzhn5CTdWfYGgHqKfFj1rJABoUofgOP0drE88Q1XYP/Cj1Ns+SnnGRBxrWk/OGXLhnRKBKJmccw2fqQIlMtriHz/SBJJlMACF0ZgmFzFpAPnRGtk2iALTCZpL2I19QsAqbqQMVstiBCSEzW6hRsmgC1cCZ0nDBaWALqw0g8y/zTso/M4M/VvHLtBCEkvbJyHhkyZvQAvremWigC8UDK+8MPXEQyEdGw9gnMweufic8Bog+mfgNAUx9Fzw+leFNPUpk9Qlvy1TGXUQSRAAAAABJRU5ErkJggg==
Logical Design|a|16|;PB7Wrx4nEDw+{_O4p.c&C(l4dT-65_)cP@#vvIV|png|AAAFIAAABSCAAAAADiR9xHAAAEBklEQVR42u3W12KacBSAcR/p4CpZSIaKezfgxL0Qv/e/yugEkVBrd3/X/3xRz2HERCRRnTicw8a6FpHnZGbD2eyNl2TG5Zx0icXX4JSvFAm3hLS8IX47h4nESrC7EJ+oST/VhXTMhpJ45exDLoztA3XxmYAW24IqXjsiuxSvEegxQLwUotOCk/vDpKtHMfumpERh/0+GJFWjPZpvgM182Mq/k2OS2cZgugK2C/t96fpoUinN8JoW4xLg3t7jsWqmApNXSw4tLsUvMeSQcx+QVFaAO2pkNXXDWtWyjZELLBTx6QLMWgVd7YJ+fV/pOYB7eZi8g105KS+0R01eJKsu6OIVBx5VeZHuFOSF8rCC+mEyB3S9f5/pAg/ilQamWc9nv2i60AlOgtNvFrO6rueKzcEWjiTBHbcr+edzD0a9uwJCkj7BSb+Q5OTR8Y7RnAQmdw3vcuyH1rFkV+S60OjaL7pN40rECkw6Iu8eao8j+1m/XdbjYoQkPUKSPkeTQ/EbBicT4lM+lmRqJOWLVGFKYJJN7UK+UO66oRNf9Fr1glGot3qL0IlvBp16yTBqDWvm/twlsquTPV/sJ9VRYNIxBg58sWq3QiYe1/K196Zpvq8bWjxs4tfZast81ijepeSnLtEkIV6JcWDSvRCf1rEkm6YWl0/iWnNDYBLXvE/KZ1eVWejE3fnAfKw/moO5Gz7x5cg0Gx2zP3X4uUvUz1orvlhbD/3g8WTasz2fOcNSNWziKS1XrNfrpbyWFpHu0YknrrPG87mKob/MqhBxiUKSfsHJLMxU8VLncCdeSXAz4hW3oHWYVAG3n/+ycpf5ngtuWnwWwLh8o8hHqfvOFng4TEqFV+7Ctge2vXQB2BfFL7Pj1er13NzhVVcCknI3w2+iy6HL3h6fdfHYa5ZWHzt84oxr1xJMLQ02fOLO23dK6MtgWtcNI69n0hIueaPnDONOV0NeBk/1k5Kszsd9TZ7XD0vu1fMZ/8qJ3+ivlPMlDXhlRUu67BV5QwVeDeQtY8jE1qDJW7LGq5S8QdnBRcwCS86lAGuJ6UBVkbO4c6AhMekD81bB+G71IbBOPieTU85ney3PSYl39pzJUJXXpEi62DKDWLA3/XbQNYO8r1yLvCZDJGEjfnO4lBDhyQtYiJ8NmdOTGkzErwfZ05N5sMSvCbXTkw1oiJ8B3dOTPciJ3w3MT09uQA28NaROTV7CNviemDs1WYaeHKqCdWpyAvngD79LfGsymTWelYCyEcCBtvEsr0ZOVnZEZCaiJWtEN1KiJN+5sLTMCCZALkqyBJO4RNKCfpRkC8oSzTVMoyRr0JNoSjCKkrwGukUjgrYLlShJsYhumYiUjPeIaq5GvXr0lhlFJ6dIgCdP20eGSOZRswAAAABJRU5ErkJggg==
Physical Design|a|17|IPj'PVaMAhl]) MzksGVuZ~VhGbJ0x@YkZ2lPj($|png|AAAC4AAAAvCAAAAAC5jqdOAAAB8ElEQVR42pXVAxLDQBiG4RzpbxvXtm1Lu9/9R5U23fIdZuaJF4rW2eN1+zRJKR1sVy/bgste2a3pdUmApySO6Vve3iH5B88G90j8wSl08jIvtZ6qu86cwozHZT5YPTVVL5xCTv/+YcLoW6ZppjmP/cLdM1xjuszl1PJgdGoDn8zdpphGjxqveB1iTP3CG06ufeHukJhFn7jcv9zMVVutSkz9iSfmuMTalsx7q2s1OmWMgVE+bAdi9RXYSuK10bUCHfNvMLwJV2YLiTsytyiKhzM0P3DXFHkS8yyQfs8z6JIzi209b/mamfRUBQUHT5YupYlCaMljk88cfIlLG6IqoiQ1gvnmYfrQZF5G+A2fMpLLIvmGL17xDDJv+BiqzEuIv+ENhGTehS1yK3SviqqkXfuNS+Aqh9BWlR+9TgKnfOvREGVy5tlwS+DO1A0izkfpg6ffcgpjL3p3G7Pd1V95uXWu4aFTKfCSm675JpipgR1PCXy4OjfTLyS6xaYccBPpiR4HjjKwR/LG5fQGA7DjAJZlxmJ03RiuXE7NdKar1agWdlETLHryPPHjsgQWuWwkv/EyP/kQ44GfuC/OWZgogr7Cv/ImfBQ7eRebK3MUUx/LbrlKlOCs2EZTiTB8K0fH4jtgritkJlOf89E5IxF10wEPmh+YClCxRgAAAABJRU5ErkJggg==
Physical Design|a|18|AOzMf3SJV8`T8Px^_{eYZ;WTeDd XvGw^p8rq]qX|png|AAADoAAAA6CAAAAADE0BX0AAACbklEQVR42sXVRZbDMBRE0Szp2yFymJmZWSGr9j8KqUlHplG/+Q26JB8VDxx2MYPU+Ypw6mpY0AOWmbRN5tPG1ZQjQ3aZ4LjElBRIOdDGVVjvNGvchPVOybjiErWk4YgiTVAybjhHLOgYqvYkKCWEVdA6UzX6ppS8g0U8ftcTWvS2N7CwN9oDzuzVHTj5PVF9gZ9SDlTOKJU/caStqJGW0ulPsKQ1yK3d0hHkrm6psVpLVV1Rdf9FjXJz0GnmAl5pdHCGaF3ULGgg/ZNGn4IDDuCyW66ZCeCYUdMFfuqJj3oGTq0YvfIX5wDUND/+yaBXBRO3hk7fGRslVZQ0cYrR77QeMHVBwxccAiTVAOrOdIpblEhuBB51ogmgqNouw9SJzrEjVUXwmEwj5e8CRAETBVLG0JLpCt91iQowdTXtYSvT1HAsGkSIBliQugy4ZvtdZ+iTujAQsaUbNEmdxpG0pTvUrWnalq7QJXUhIGFLx5iSOgMI2tIqLpqaNsFIoqH076pAUk03GMn0AKmJ1efNyHSIP5nghoqusCeJymkH7BTftgJ0nSilgYnq5ABKTpSaTytNIHvDaQsUJZoei4ZR+jQAtjH6SW9xXKJ+YX/RJUQ/e+xwYGTQp0CF4T3zwBa8oJ560f8zMAaATdrV5mDNAQ4s9KfdCSuoOr3OAJE5jTWAubB5iapKNecbdlwNSgEiwtNqRME9zJznSxKYPW3g8LRe6eJpiSj4tCmPNN36XB6hA066R0qdj41wJJ8041JqHCl62YlGdEPWd8As7a7W54ToArPMGDzkK8N9Y3GMv+qQjyoM7rr1dLG9PY5VogcCpk88LQvFgAAAAABJRU5ErkJggg==
Physical Design|a|19|C%+=}]iT]73ZCxFa~N2b$t{YL.wkRb~yucub]{#E|png|AAAEUAAABGCAAAAAC/cgZbAAADCklEQVR42sXXBaKqahRAYYe0we72pN3dTaz55y18Joi8+gawyL98EurvcWHiF3u+0AF35gGHSg+2s6f2wNxvX9mzVeWpJo4ZH4zEVUWDmfq3K9kdTNW/W4lG9zBV/m5FogeYKH+3IrFfGdWhEqjUbFQjp8qfzFi1r1SxNT5XJP4ro9hW4oudjXXxoiKJI4wUj+/lG/LyJ6PBUPFWSYI+7P22AAbeKtKBSxlvFeV7w4W8XcW9jyeVWOZe8tVKzuSByouVJo9MX6wUeaT+YkXS7/fy4rbi3v9fURK5j1r5PeP3XlGLfQ3LshL0Vnnbc8nohuwr0fHsQt8vlsQSYN/+KmZyH/U5gDaBvKu5Lid/FHWgm5STUPkI2FaCzd6FqiK/lU2YxuVSoGHaVOyUHv25kj3CRHFdSRqY73IvuoO624q6g6o8Etcxsy4rFRjKY0VYuasENPSQ2BhByVWlCjWxE4f1o0oqcxYWEVliBMTWCGL3lS8uaKpIGMZirwTl+0rB5GytiHzAh9gLmMzuK+KP/OX3AzUgJg5W7Fy83T4ExMEYw0VlhiZOuhB8XplzFCdtiDyvjDAVcTAC//NKFyLiYOHqvZQhJw6OLF1UUtARexno3FfU4vu1D9iLvSbk7yttHiiKHf8RTb2vtHhgo4iNOjTlvqIU329N4Usei+gYIXdzXczASMkj/hVuZymRKhwiNn8cmEV3FRnC4f5uAhM4tsEsOJ4mkmLxz8H4UORKYgNaUmpWxnaFXcqJOgFWWTkL9004JEWkDkb+ppJY7U42X3JWNYFdMx0SEX/sewaAnrbmMStjVRwkZ/yx0/ntMAEtdcrk3FVEckPj4mm/FGUA+u9M08q4qYgECo3xbLeYdT6i1o4MLWn98UbW++4QtIQ1/IyM58oOjueM10pheLqbDmghj5W8MoRj3Jpa614rooysjKoz8ZmM5UWfkBNRR3CIiSgaU98KPR15SWwBERFRx3DIR7vQ8JXxYHYeZcAx5FMGvGwTkd+UIYCWFZ9Irtl7SftirshW259BkR83MMK1yNq8ggAAAABJRU5ErkJggg==
Physical Design|a|20|@[w-,jh3.8-fw@!NfCX^`yCkq5;#&uUu'N~7b2QX|png|AAAFEAAABSCAAAAAAJcGdEAAADkUlEQVR42uXYBXKzagBG4SzpRWJGk0rq7u40f4Oc/Y/dgWmpETSj91nAwfmkIa0/eBQVHCpPQxeUcpxbnFDSUV7xHh6dTjHjIsmGBwMV1CN2mF0EOiWKoQscLLJIywX2F1lU6w3YW2RR7SS5qKI6UXJnkUW1p0kyo2jdh2Rw+9+K6kTJ7ZziiGyHSTEnmRSNM3ea4bb9o6jOP2Cr9n20Q+hKse47sFm3KBfcgw9XQLhRt7jGb/2aRe2H/DSpW9Tg8PYh4ecUy3sqUmyP0nWqFns+6YJhxeIu8xxWLG4wz3bFonE9TXdjly3m+98Wjf7axsbG2DEXU+zsPQQQCx6PBrWLzi0/PU5yi/boB8eQEu0biAXTB9eD2NMgu9jx+OlViYkPMDtfsRUxlo7eiPuZxSG/eKY+nABMJ4a+cR7y/4+rBz85Usy4BLwdU7+svmUVs5wC077+at4Dj0bp4jbw2FIa4xw4KVvsB+DamuMamJQsPoHX0zzmC3hWqeI6sKr5Oj4clCq6cK8sh+DbJYrLgKMs1gwO5hTtznctRS7hTtn24SW92JrxXTiRZPiwqWw9oJ1adFJWaw6ELeVwYSu1qI2L7w5tSdvwpDzHcJlSTHcKl8qzBfeFizdwpDyr4BYu3sO28gzBK1PcVJ4eBIWL17CvPCOYFS6ewZnyrJe5j/twqzx7cFu4OAbPUI47OCxctEIYKZsVwGp6cbzx1zucKtsEfDO1uEq6ma1Mj3Cp1OJ2td2YVWCUXjRPH1K4ELQ1n/EKj6VGheYM7g3NdQTslypqk6yHMwEI10oVdQNsK91SQJxcLVW0XOBEadYD8Lc8CFZSi+ODL/uOEt0pcNfSb+YxEC7L8SFYTikO+C5oKtGJkt6+qR/Wp4AflZLkr2I34BvPlhKtO4D3Q0efOrsvRG6M+HYmyR9FdTOWqjsBkX9Xx7sb20cXLp/O4+QoSo5/FHO1zkN+uRs/RklFxkGSTIq5OvtvkHg/HUr2FDhTZBSAPypVjHQnp9cPLw93Z9tDxZ5IkuMkWXcVl3xSy1FyaQHFADhJkp5Tv7j9nOxor0TJbu3ixH75kbyrX1TzJfktbwCt+kU1X5ONkRmMGwH0VNEzrEpquR9J04elxgucGqpkKYSePpPHpnkOgdU4ALxpFe+AKyXJEOBMDfOF6kJHirVdYi+WGrLPQyp6GeiTfR5AcGpJDUnGcFSJre8sZ2hK0n+fSoXkANUbNwAAAABJRU5ErkJggg==
Proxy & Settings|a|21|FPmF9+8y0d-GexCCGrZU rf.QQk8KR6H;vL.@Gh.|png|AAAA0AAAANCAIAAAD9iXMrAAAAwUlEQVR42nXQAw4DQRQG4L3LCnFtm2ERlWFt27pz/zKat8Y3TxzP8zanq785N8YrSVZ4YuNEScIN13K9Xa53SFeqdT80W6g0xyvSIUa51pkcbtPTfXZ62D0+tkNNqGy0v85O9/n5Ae1wMyj3f0IkINDZh1IOG37PflRnNJMOm85o+RcASjps+D39UdT9mevHMSiipjJ5WdVC8TRmAsfeGuMlEI9NEPBMumyhGkyk8eD0BRsT2omSjMqG2+v4cJNV9QnopXQjTYNy8QAAAABJRU5ErkJggg==
Proxy & Settings|a|22|A4@2opcMZ8c rmP&#3ZcvntH~Di}q.Lthd{%M-(W|png|AAABEAAAARCAMAAAAMs7fIAAAAgVBMVEUjIyNXYGRYYGR3hIoqLC5XYGUlJiZ8iI0lJidFTE9OVllOVlpXX2MkJCUkJSUjJCQkJCR4hIt6h4x7h4woKixhbHIpLC0nKCkqLS4sLjA5PD47P0Fsd35teH5teH9teX5ven88QkQ9QkV4hYt5hYt5hot6howlJSZHTVJ7iI0pKyzfio+2AAAAeElEQVR42lXKBQ5DQQgG4R9Ye651d7n/AUu07MS/DICFcEJeMRFMbwD0CEakAA7jyghPIp9I7V8SSdR8A9NMStxbar0SdZYaViqzq/dKVUZdqSTCwVxVPG/WJw9DwxXYPZeGhguwvTkjdJxf+zoZCTze6y+ynAvAD8ZEBV38zciBAAAAAElFTkSuQmCC
Proxy & Settings|a|23|B-FSk@4iCXNfGKq(W hQ}`GeVU+PlYgHqlrtC^Hj|png|AAABQAAAAUCAIAAAAC64paAAABQElEQVR42o3TA5IzURQF4Owlr2PbNks/xrYd29jznNGtnlLfEzS/J6jUnwlG40/92dtw/m//RAhJzYuKznR6w02t05qtD64fuRhG7m/rneZ0FYwnWfjyrSP3//ePUXnl7wYLX9c6N7Vvb7Y57hrdT7zFwngPb9fGy7fRAg3GOb718dLpDShjjC1GiBh96xN4P2u09UaT0WLzhKKok+sJU9BaGPK1MXkFTN5fk9dPnoPJy+t3ePwsTL7+2+sMRi6m+uXjZzRbsYpMVrtaCAWMoDby9c+1gG9jsjy4flDGiN5gAkMRh1cAH4mkss3pGvsPWDnpUhUV0qWQpMqfDaxrFv56lS61Ol0qX8LmZ+FIMtOYrLD+JI1Wq9dbHK5/e0eH1w8sLITACGHMAILROApCL3zBEDA3GCEYfDF4Fpsdd94B8+UPEUHLVmYAAAAASUVORK5CYII=
Proxy & Settings|a|24|+@Rq}cO;FzGo1Arvux]fSCr]JE523t,6TK7W,zr!|png|AAABcAAAAXCAIAAABvSEP3AAABcUlEQVR42pXUU5ojUBAF4NnL2K+N2LZt27ax5z6xURXrL303nz7vQqazlAezUK4sVmo/EwPKISRqfWO8wNXiDZGVS6g2XjB5QoIi01qOX3/58sWbyDUmS7XZRlAwC+Tfv/71518dTVEVjBMtbKDf//7z5WoQuDrCCdT1rCJSaTcT9cZzmyo21/WMw4CenS42Ujv6/RlE2BE2ojLZVGaHM5xonIqAyJtGC/hZ46I1knKAzlrD+GnKJs4qqk+WYpWerCAuWwNEVhBoBFUcKhqjIh1ZORzRA7TQOzxmTwg7ZfHFzyoINIIq9hAOTabZxz3KNHtDzyoINIIqQKQbfY5QgndemGycErwpUmihPBtopDKcswXi/Ts///yN5srhbIWgqEz2TKN/QXtL/RlNQS0v78zjvxF/IpNtDgjKO5uHGWMW+PGGECtXwzJ7AlAIYXD6AGEWBrsXVRQ7o1C2/PPXLyi0ECk04WwZs8CyzZ4gCLz5AUyUZY8RZiJJAAAAAElFTkSuQmCC