Vendor ID|Vendor Name|Approved On Date
AAA|Avolites Ltd|2012-02-17
AAE|Anatek Electronics Inc.|2004-05-25
AAM|Aava Mobile Oy|2013-08-13
AAN|AAEON Technology Inc.|2016-09-01
AAT|Ann Arbor Technologies|2001-04-24
ABA|ABBAHOME INC.|1999-11-08
ABC|AboCom System Inc.|1997-03-28
ABD|Allen Bradley Company|1996-11-29
ABE|Alcatel Bell|1996-11-29
ABO|D-Link Systems Inc|1996-11-29
ABS|Abaco Systems, Inc.|2016-04-27
ABT|Anchor Bay Technologies, Inc.|2006-02-14
ABV|Advanced Research Technology|1997-01-16
ACA|Ariel Corporation|1996-12-13
ACB|Aculab Ltd|1996-11-29
ACC|Accton Technology Corporation|1996-11-29
ACD|AWETA BV|1998-01-20
ACE|Actek Engineering Pty Ltd|1996-11-29
ACG|A&R Cambridge Ltd.|2007-06-13
ACH|Archtek Telecom Corporation|1997-01-15
ACI|Ancor Communications Inc|1996-11-29
ACK|Acksys|1996-11-29
ACL|Apricot Computers|1996-11-29
ACM|Acroloop Motion Control Systems Inc|1998-03-26
ACO|Allion Computer Inc.|2000-10-23
ACP|Aspen Tech Inc|1996-11-29
ACR|Acer Technologies|1996-11-29
ACS|Altos Computer Systems|1996-11-29
ACT|Applied Creative Technology|1996-11-29
ACU|Acculogic|1996-11-29
ACV|ActivCard S.A|1998-05-08
ADA|Addi-Data GmbH|1996-11-29
ADB|Aldebbaron|2001-03-15
ADC|Acnhor Datacomm|1996-11-29
ADD|Advanced Peripheral Devices Inc|1996-11-29
ADE|Arithmos, Inc.|1999-07-16
ADG|Airdrop Gaming LLC|2024-09-03
ADH|Aerodata Holdings Ltd|1997-11-11
ADI|ADI Systems Inc|1996-11-29
ADK|Adtek System Science Company Ltd|1996-11-29
ADL|ASTRA Security Products Ltd|1997-07-30
ADM|Ad Lib MultiMedia Inc|1998-04-23
ADN|Analog & Digital Devices Tel. Inc|1997-03-14
ADP|Adaptec Inc|1996-11-29
ADR|Nasa Ames Research Center|1996-11-29
ADS|Analog Devices Inc|1996-11-29
ADT|Adtek|1996-11-29
ADV|Advanced Micro Devices Inc|1996-11-29
ADX|Adax Inc|1996-11-29
ADZ|ADDER TECHNOLOGY LTD|2016-03-30
AEC|Antex Electronics Corporation|1996-11-29
AED|Advanced Electronic Designs, Inc.|2004-07-12
AEI|Actiontec Electric Inc|1996-11-29
AEJ|Alpha Electronics Company|1996-11-29
AEM|ASEM S.p.A.|1996-11-29
AEN|Avencall|2012-01-27
AEP|Aetas Peripheral International|1999-11-08
AET|Aethra Telecomunicazioni S.r.l.|1996-12-13
AFA|Alfa Inc|1996-11-29
AGC|Beijing Aerospace Golden Card Electronic Engineering Co.,Ltd.|2001-06-21
AGI|Artish Graphics Inc|1996-11-29
AGL|Argolis|2001-03-15
AGM|Advan Int'l Corporation|1998-05-26
AGO|AlgolTek, Inc.|2013-10-23
AGT|Agilent Technologies|2001-10-08
AHC|Advantech Co., Ltd.|2007-06-13
AHQ|Astro HQ LLC|2018-09-05
AHS|Beijing AnHeng SecoTech Information Technology Co., Ltd.|2015-03-24
AIC|Arnos Insturments & Computer Systems|1996-11-29
AIE|Altmann Industrieelektronik|1996-11-29
AII|Amptron International Inc.|2000-05-24
AIK|Dongguan Alllike Electronics Co., Ltd.|2015-04-11
AIL|Altos India Ltd|1996-11-29
AIM|AIMS Lab Inc|1998-03-13
AIR|Advanced Integ. Research Inc|1996-11-29
AIS|Alien Internet Services|2001-06-21
AIW|Aiwa Company Ltd|1996-11-29
AIX|ALTINEX, INC.|2001-04-24
AJA|AJA Video Systems, Inc.|2007-10-11
AKB|Akebia Ltd|1996-11-29
AKE|AKAMI Electric Co.,Ltd|2010-09-03
AKI|AKIA Corporation|1998-12-23
AKL|AMiT Ltd|1997-12-02
AKM|Asahi Kasei Microsystems Company Ltd|1996-11-29
AKP|Atom Komplex Prylad|2000-10-23
AKR|Anker Innovations Limited|2021-12-10
AKY|Askey Computer Corporation|1997-04-02
ALA|Alacron Inc|1996-11-29
ALC|Altec Corporation|1998-08-04
ALD|In4S Inc|1997-12-05
ALE|Alenco BV|2014-05-20
ALG|Realtek Semiconductor Corp.|2002-10-25
ALH|AL Systems|1999-01-20
ALI|Acer Labs|1996-11-29
ALJ|Altec Lansing|2000-01-13
ALK|Acrolink Inc|1997-03-12
ALL|Alliance Semiconductor Corporation|1996-11-29
ALM|Acutec Ltd.|1999-11-08
ALN|Alana Technologies|2000-01-13
ALO|Algolith Inc.|2005-05-02
ALP|ALPS ALPINE CO., LTD.|1996-11-29
ALR|Advanced Logic|1996-11-29
ALS|Avance Logic Inc|1996-11-29
ALT|Altra|1996-11-29
ALV|AlphaView LCD|2008-11-01
ALX|ALEXON Co.,Ltd.|1999-09-13
AMA|Asia Microelectronic Development Inc|1997-09-24
AMB|Ambient Technologies, Inc.|1999-05-16
AMC|Attachmate Corporation|1996-11-29
AMD|Amdek Corporation|1996-11-29
AMI|American Megatrends Inc|1996-11-29
AML|Anderson Multimedia Communications (HK) Limited|2003-01-03
AMN|Amimon LTD.|2007-06-13
AMO|Amino Technologies PLC and Amino Communications Limited|2011-12-09
AMP|AMP Inc|1996-11-29
AMR|AmTRAN Technology Co., Ltd.|2013-06-10
AMS|ARMSTEL, Inc.|2011-02-25
AMT|AMT International Industry|1996-11-29
AMX|AMX LLC|2008-07-06
ANA|Anakron|1999-11-08
ANC|Ancot|1996-11-29
AND|Adtran Inc|1996-11-29
ANI|Anigma Inc|1996-11-29
ANK|Anko Electronic Company Ltd|1998-03-24
ANL|Analogix Semiconductor, Inc|2005-10-10
ANO|Anorad Corporation|2000-01-13
ANP|Andrew Network Production|1996-11-29
ANR|ANR Ltd|1996-11-29
ANS|Ansel Communication Company|1996-11-29
ANT|Ace CAD Enterprise Company Ltd|1996-11-29
ANV|Beijing ANTVR Technology Co., Ltd.|2015-08-24
ANW|Analog Way SAS|2014-01-22
ANX|Acer Netxus Inc|1996-11-29
AOA|AOpen Inc.|2001-11-06
AOE|Advanced Optics Electronics, Inc.|2004-04-20
AOL|America OnLine|1996-11-29
AOT|Alcatel|2001-11-06
APC|American Power Conversion|1996-11-29
APD|AppliAdata|1996-11-29
APE|ALPS ALPINE CO., LTD.|2013-01-22
APG|Horner Electric Inc|1996-11-29
API|A Plus Info Corporation|1996-11-29
APL|Aplicom Oy|2005-05-02
APM|Applied Memory Tech|1996-11-29
APN|Appian Tech Inc|1996-11-29
APP|Apple Computer Inc|1996-11-29
APR|Aprilia s.p.a.|1999-02-22
APS|Autologic Inc|1996-11-29
APT|Audio Processing Technology  Ltd|1997-03-18
APV|A+V Link|2010-01-27
APX|AP Designs Ltd|1997-12-08
ARC|Alta Research Corporation|1996-11-29
ARD|AREC Inc.|2013-07-08
ARE|ICET S.p.A.|1999-05-16
ARG|Argus Electronics Co., LTD|2004-06-04
ARI|Argosy Research Inc|1997-02-24
ARK|Ark Logic Inc|1996-11-29
ARL|Arlotto Comnet Inc|1997-04-29
ARM|Arima|2004-04-07
ARO|Poso International B.V.|1997-08-01
ARR|ARRIS Group, Inc.|2015-01-27
ARS|Arescom Inc|1996-11-29
ART|Corion Industrial Corporation|1996-11-29
ASC|Ascom Strategic Technology Unit|1996-11-29
ASD|USC Information Sciences Institute|1997-04-08
ASE|AseV Display Labs|1998-10-16
ASH|Ashton Bentley Concepts|2013-09-20
ASI|Ahead Systems|1996-11-29
ASK|Ask A/S|1996-11-29
ASL|AccuScene Corporation Ltd|2007-06-13
ASM|ASEM S.p.A.|2001-03-15
ASN|Asante Tech Inc|1996-11-29
ASP|ASP Microelectronics Ltd|1996-11-29
AST|AST Research Inc|1996-11-29
ASU|Asuscom Network Inc|1996-11-29
ASX|AudioScience|1996-11-29
ASY|Rockwell Collins / Airshow Systems|2004-12-02
ATA|Allied Telesyn International (Asia) Pte Ltd|1997-11-10
ATC|Ably-Tech Corporation|1996-11-29
ATD|Alpha Telecom Inc|1997-09-26
ATE|Innovate Ltd|1996-11-29
ATH|Athena Informatica S.R.L.|1997-01-29
ATI|Allied Telesis KK|1996-11-29
ATJ|ArchiTek Corporation|2014-01-22
ATK|Allied Telesyn Int'l|1996-11-29
ATL|Arcus Technology Ltd|1996-11-29
ATM|ATM Ltd|1996-11-29
ATN|Athena Smartcard Solutions Ltd.|1999-09-13
ATO|ASTRO DESIGN, INC.|2003-06-06
ATP|Alpha-Top Corporation|1996-12-04
ATT|AT&T|1996-11-29
ATU|Avocor Technologies USA, Inc|2023-06-07
ATV|Office Depot, Inc.|2007-06-13
ATX|Athenix Corporation|1996-11-29
AUD|AudioControl|2021-12-31
AUG|August Home, Inc.|2014-06-11
AUI|ALPS ALPINE CO., LTD.|1996-11-29
AUO|DO NOT USE - AUO|2008-09-16
AUR|Aureal Semiconductor|1996-11-29
AUS|ASUSTek COMPUTER INC|2015-12-21
AUT|Autotime Corporation|2001-10-08
AUV|Auvidea GmbH|2014-04-21
AVA|Avaya Communication|2001-03-15
AVC|Auravision Corporation|1996-11-29
AVD|Avid Electronics Corporation|1996-11-29
AVE|Add Value Enterpises (Asia) Pte Ltd|1999-01-10
AVG|Avegant Corporation|2015-12-02
AVI|Nippon Avionics Co.,Ltd|2000-10-23
AVJ|Atelier Vision Corporation|2015-02-24
AVL|Avalue Technology Inc.|2011-11-18
AVM|AVM GmbH|1996-11-29
AVN|Advance Computer Corporation|2010-06-10
AVO|Avocent Corporation|2000-10-23
AVR|AVer Information Inc.|2010-05-07
AVS|Avatron Software Inc.|2017-08-23
AVT|Avtek (Electronics) Pty Ltd|1996-11-29
AVV|SBS Technologies (Canada), Inc. (was Avvida Systems, Inc.)|2002-12-17
AVX|A/Vaux Electronics|2012-08-29
AWC|Access Works Comm Inc|1996-11-29
AWL|Aironet Wireless Communications, Inc|1998-08-11
AWS|Wave Systems|1996-11-29
AXB|Adrienne Electronics Corporation|1997-10-07
AXC|AXIOMTEK CO., LTD.|2005-05-02
AXE|Axell Corporation|2016-08-03
AXI|American Magnetics|2001-03-15
AXL|Axel|1996-11-29
AXO|Axonic Labs LLC|2012-06-21
AXP|American Express|1999-07-16
AXT|Axtend Technologies Inc|1997-12-01
AXX|Axxon Computer Corporation|1996-11-29
AXY|AXYZ Automation Services, Inc|1998-08-11
AYD|Aydin Displays|2007-06-13
AYR|Airlib, Inc|2000-02-21
AZH|Shenzhen three Connaught Information Technology Co., Ltd. (3nod Group)|2013-09-17
AZM|AZ Middelheim - Radiotherapy|2003-11-14
AZT|Aztech Systems Ltd|1996-11-29
BAC|Biometric Access Corporation|1998-05-19
BAN|Banyan|1996-11-29
BBB|an-najah university|2001-03-15
BBH|B&Bh|2003-01-17
BBL|Brain Boxes Limited|2001-10-02
BBV|BlueBox Video Limited|2017-06-22
BBX|Black Box Corporation|2017-02-28
BCC|Beaver Computer Corporaton|1996-11-29
BCD|Barco GmbH|2011-03-07
BCI|Broadata Communications Inc.|2013-11-19
BCK|Beck GmbH & Co. Elektronik Bauelemente KG|2022-10-20
BCM|Broadcom|2004-04-01
BCQ|Deutsche Telekom Berkom GmbH|1997-08-12
BCS|Booria CAD/CAM systems|2005-05-11
BDO|Brahler ICS|1998-06-04
BDR|Blonder Tongue Labs, Inc.|2008-09-16
BDS|Barco Display Systems|1999-09-13
BEC|Beckhoff Automation|2002-04-25
BEI|Beckworth Enterprises Inc|1997-07-16
BEK|Beko Elektronik A.S.|2005-06-15
BEL|Beltronic Industrieelektronik GmbH|2006-09-05
BEO|Baug & Olufsen|1996-11-29
BFE|B.F. Engineering Corporation|1996-11-29
BFT|Barnfind Technologies|2025-01-28
BGB|Barco Graphics N.V|1996-11-29
BGT|Budzetron Inc|1996-11-29
BHZ|BitHeadz, Inc.|2003-09-29
BIA|Biamp Systems Corporation|2015-05-14
BIC|Big Island Communications|1997-05-13
BIG|Bigscreen, Inc.|2022-09-23
BII|Boeckeler Instruments Inc|1996-10-17
BIL|Billion Electric Company Ltd|1996-12-11
BIO|BioLink Technologies International, Inc.|2000-05-24
BIT|Bit 3 Computer|1996-11-29
BLD|BILD INNOVATIVE TECHNOLOGY LLC|2019-10-22
BLI|Busicom|1998-08-11
BLN|BioLink Technologies|2000-08-10
BLP|Bloomberg L.P.|2008-09-16
BMD|Blackmagic Design|2012-09-13
BMI|Benson Medical Instruments Company|1996-12-04
BML|BIOMED Lab|1997-05-22
BMS|BIOMEDISYS|2000-05-24
BNE|Bull AB|1998-10-06
BNK|Banksia Tech Pty Ltd|1996-11-29
BNO|Bang & Olufsen|2003-05-16
BNS|Boulder Nonlinear Systems|2008-03-12
BOB|Rainy Orchard|2000-02-21
BOE|BOE|2004-12-02
BOI|NINGBO BOIGLE DIGITAL TECHNOLOGY CO.,LTD|2009-11-25
BOS|BOS|1997-07-03
BPD|Micro Solutions, Inc.|2000-04-19
BPS|Barco, N.V.|2000-09-12
BPU|Best Power|1996-11-29
BRA|Braemac Pty Ltd|2010-11-18
BRC|BARC|2000-08-10
BRG|Bridge Information Co., Ltd|1998-08-11
BRI|Boca Research Inc|1996-11-29
BRL|Brainlab AG|2023-05-16
BRM|Braemar Inc|1997-10-07
BRO|BROTHER INDUSTRIES,LTD.|2000-02-21
BSE|Bose Corporation|2006-09-05
BSG|Robert Bosch GmbH|2014-05-15
BSL|Biomedical Systems Laboratory|1997-10-16
BSN|BRIGHTSIGN, LLC|2012-02-28
BST|BodySound Technologies, Inc.|2008-03-12
BTC|Bit 3 Computer|1996-11-29
BTE|Brilliant Technology|1996-11-29
BTF|Bitfield Oy|1996-11-29
BTI|BusTech Inc|1996-11-29
BTO|BioTao Ltd|2012-03-21
BUF|Yasuhiko Shirai Melco Inc|1996-11-29
BUG|B.U.G., Inc.|2011-08-30
BUJ|ATI Tech Inc|1996-11-29
BUL|Bull|1998-02-03
BUR|B&R Industrial Automation GmbH|1996-11-29
BUS|BusTek|1996-11-29
BUT|21ST CENTURY ENTERTAINMENT|2002-04-25
BWK|Bitworks Inc.|2003-07-10
BXE|Buxco Electronics|1996-11-29
BYD|byd:sign corporation|2008-04-10
CAA|Castles Automation Co., Ltd|2000-01-13
CAC|CA & F Elettronica|1999-05-16
CAG|CalComp|1996-11-29
CAI|Canon Inc.|2001-11-06
CAL|Acon|1996-11-29
CAM|Cambridge Audio|2008-08-09
CAN|Canopus Company Ltd|1996-11-29
CAR|Cardinal Company Ltd|1996-11-29
CAS|CASIO COMPUTER CO.,LTD|1998-10-06
CAT|Consultancy in Advanced Technology|1997-09-19
CAV|Cavium Networks, Inc|2011-02-02
CBI|ComputerBoards Inc|1998-02-03
CBR|Cebra Tech A/S|1996-11-29
CBT|Cabletime Ltd|2010-05-04
CBX|Cybex Computer Products Corporation|1999-11-08
CCC|C-Cube Microsystems|1996-11-29
CCI|Cache|1996-11-29
CCJ|CONTEC CO.,LTD.|2000-08-10
CCL|CCL/ITRI|1997-03-31
CCP|Capetronic USA Inc|1996-11-29
CDC|Core Dynamics Corporation|1996-11-29
CDD|Convergent Data Devices|2004-02-27
CDE|Colin.de|2005-01-18
CDG|Christie Digital Systems Inc|2001-04-24
CDI|Concept Development Inc|1996-11-29
CDK|Cray Communications|1996-11-29
CDN|Codenoll Technical Corporation|1996-11-29
CDP|CalComp|1996-11-29
CDS|Computer Diagnostic Systems|2001-03-15
CDT|IBM Corporation|1996-11-29
CDV|Convergent Design Inc.|2006-09-05
CEA|Consumer Electronics Association|2006-09-05
CEC|Chicony Electronics Company Ltd|1996-11-29
CED|Cambridge Electronic Design Ltd|1996-11-29
CEF|Cefar Digital Vision|1997-02-19
CEI|Crestron Electronics, Inc.|2006-05-08
CEM|MEC Electronics GmbH|2000-04-19
CEN|Centurion Technologies P/L|2000-10-23
CEP|C-DAC|1996-11-29
CER|Ceronix|2008-09-02
CET|TEC CORPORATION|1998-07-16
CFG|Atlantis|1996-11-29
CFR|Meta View, Inc.|2020-07-15
CGA|Chunghwa Picture Tubes, LTD|1994-01-01
CGS|Chyron Corp|2008-11-13
CGT|congatec AG|2011-06-16
CHA|Chase Research PLC|1996-11-29
CHD|ChangHong Electric Co.,Ltd|2001-11-30
CHE|Acer Inc|1996-11-29
CHG|Sichuan Changhong Electric CO, LTD.|2003-02-26
CHI|Chrontel Inc|1996-11-29
CHL|Chloride-R&D|1996-11-29
CHM|CHIC TECHNOLOGY CORP.|1999-07-16
CHO|Sichuang Changhong Corporation|2001-11-30
CHP|CH Products|1997-04-24
CHR|christmann informationstechnik + medien GmbH & Co. KG|2017-05-25
CHS|Agentur Chairos|2001-03-15
CHT|Chunghwa Picture Tubes,LTD.|2001-03-15
CHY|Cherry GmbH|1999-05-16
CIC|Comm. Intelligence Corporation|1996-11-29
CID|Indicates an identity defined by CTS/DID Standards other than EDID|2024-06-28
CIE|Convergent Engineering, Inc.|2018-09-05
CII|Cromack Industries Inc|1997-01-22
CIL|Citicom Infotech Private Limited|2000-08-10
CIN|Citron GmbH|2005-07-28
CIP|Ciprico Inc|1996-11-29
CIR|Cirrus Logic Inc|1996-11-29
CIS|Cisco Systems Inc|1996-11-29
CIT|Citifax Limited|1997-07-16
CKC|The Concept Keyboard Company Ltd|1997-06-02
CKJ|Carina System Co., Ltd.|2010-09-03
CLA|Clarion Company Ltd|1996-11-29
CLD|COMMAT L.t.d.|2000-08-10
CLE|Classe Audio|2006-02-16
CLG|CoreLogic|1998-11-27
CLI|Cirrus Logic Inc|1996-11-29
CLM|CrystaLake Multimedia|1996-11-29
CLO|Clone Computers|1996-11-29
CLR|Clover Electronics|2021-02-02
CLT|automated computer control systems|1999-09-13
CLV|Clevo Company|1998-01-30
CLX|CardLogix|2001-03-15
CMC|CMC Ltd|1996-11-29
CMD|Colorado MicroDisplay, Inc.|1999-03-20
CMG|Chenming Mold Ind. Corp.|2003-11-14
CMI|C-Media Electronics|1996-11-29
CMK|Comark LLC|2020-07-15
CMM|Comtime GmbH|2002-09-23
CMN|Chimei Innolux Corporation|2010-09-02
CMO|Chi Mei Optoelectronics corp.|2001-03-15
CMR|Cambridge Research Systems Ltd|2002-04-25
CMS|CompuMaster Srl|1999-02-22
CMX|Comex Electronics AB|2004-05-28
CNB|American Power Conversion|2001-03-15
CNC|Alvedon Computers Ltd|1998-11-06
CND|Micro-Star Int'l Co., Ltd.|2021-02-17
CNE|Cine-tal|2007-06-13
CNI|Connect Int'l A/S|1996-11-29
CNN|Canon Inc|1996-11-29
CNT|COINT Multimedia Systems|1999-03-20
COB|COBY Electronics Co., Ltd|2007-06-13
COD|CODAN Pty. Ltd.|2000-10-23
COI|Codec Inc.|2001-11-30
COL|Rockwell Collins, Inc.|2007-06-14
COM|Comtrol Corporation|1996-11-29
CON|Contec Company Ltd|1996-11-29
COO|coolux GmbH|2010-09-30
COR|Corollary Inc|1996-12-13
COS|CoStar Corporation|1996-11-29
COT|Core Technology Inc|2000-04-19
COW|Polycow Productions|2001-03-15
COX|Comrex|2011-10-18
CPC|Ciprico Inc|1996-11-29
CPD|CompuAdd|1996-11-29
CPI|Computer Peripherals Inc|1996-11-29
CPL|Compal Electronics Inc|1996-11-29
CPM|Capella Microsystems Inc.|2012-05-09
CPP|Compound Photonics|2013-10-01
CPQ|Compaq Computer Company|1996-11-29
CPT|cPATH|1998-03-09
CPX|Powermatic Data Systems|1996-11-29
CRA|CRALTECH ELECTRONICA, S.L.|2015-03-24
CRC|CONRAC GmbH|2004-04-20
CRD|Cardinal Technical Inc|1996-11-29
CRE|Creative Labs Inc|1996-11-29
CRH|Contemporary Research Corp.|2015-02-24
CRI|Crio Inc.|1999-09-13
CRL|Creative LogicÂ Â |1997-10-16
CRM|CORSAIR MEMORY Inc.|2021-02-05
CRN|Cornerstone Imaging|1996-11-29
CRO|Extraordinary Technologies PTY Limited|2005-04-11
CRQ|Cirque Corporation|1996-11-29
CRS|Crescendo Communication Inc|1996-11-29
CRV|Cerevo Inc.|2010-07-13
CRW|Cammegh Limited|2019-06-18
CRX|Cyrix Corporation|1997-03-21
CSB|Transtex SA|2001-03-15
CSC|Crystal Semiconductor|1996-11-29
CSD|Cresta Systems Inc|1997-08-01
CSE|Concept Solutions & Engineering|1996-12-11
CSI|Cabletron System Inc|1996-11-29
CSL|Cloudium Systems Ltd.|2013-02-14
CSM|Cosmic Engineering Inc.|2012-04-18
CSO|California Institute of Technology|1999-03-20
CSS|CSS Laboratories|1997-01-02
CST|CSTI Inc|1996-11-29
CSW|China Star Optoelectronics Technology Co., Ltd|2023-08-02
CTA|CoSystems Inc|1998-10-24
CTC|CTC Communication Development Company Ltd|1997-10-21
CTE|Chunghwa Telecom Co., Ltd.|2002-05-16
CTL|Creative Technology Ltd|1996-11-29
CTM|Computerm Corporation|1996-11-29
CTN|Computone Products|1996-11-29
CTP|Computer Technology Corporation|1998-03-26
CTR|Control4 Corporation|2014-05-28
CTS|Comtec Systems Co., Ltd.|2002-04-25
CTX|Creatix Polymedia GmbH|1996-11-29
CUB|Cubix Corporation|1996-11-29
CUK|Calibre UK Ltd|2005-09-15
CVA|Covia Inc.|2010-05-11
CVI|Colorado Video, Inc.|2012-08-15
CVP|Chromatec Video Products Ltd|2013-08-09
CVS|Clarity Visual Systems|2000-01-13
CWC|Curtiss-Wright Controls, Inc.|2013-04-05
CWR|Connectware Inc|1996-11-29
CXT|Conexant Systems|1999-01-20
CYB|CyberVision|1997-05-13
CYC|Cylink Corporation|1996-11-29
CYD|Cyclades Corporation|2001-05-07
CYL|Cyberlabs|1998-04-14
CYP|CYPRESS SEMICONDUCTOR CORPORATION|2016-05-25
CYT|Cytechinfo Inc|1998-03-13
CYV|Cyviz AS|2002-04-25
CYW|Cyberware|2000-02-21
CYX|Cyrix Corporation|1997-10-21
CZC|Shenzhen ChuangZhiCheng Technology Co., Ltd.|2013-10-23
CZE|Carl Zeiss AG|2009-06-03
DAC|Digital Acoustics Corporation|2000-05-24
DAE|Digatron Industrie Elektronik GmbH|1997-02-24
DAI|DAIS SET Ltd.|2000-02-21
DAK|Daktronics|2004-06-23
DAL|Digital Audio Labs Inc|1996-11-29
DAN|Danelec Marine A/S|2009-12-24
DAS|DAVIS AS|1998-02-03
DAT|Datel Inc|1996-11-29
DAU|Daou Tech Inc|1996-11-29
DAV|Davicom Semiconductor Inc|1997-01-15
DAW|DA2 Technologies Inc|2005-09-06
DAX|Data Apex Ltd|1996-11-29
DBD|Diebold Inc.|2006-09-05
DBI|DigiBoard Inc|1996-11-29
DBK|Databook Inc|1996-11-29
DBL|Doble Engineering Company|1996-11-29
DBN|DB Networks Inc|1997-12-01
DCA|Digital Communications Association|1996-11-29
DCC|Dale Computer Corporation|1996-11-29
DCD|Datacast LLC|1997-12-02
DCE|dSPACE GmbH|1996-12-16
DCI|Concepts Inc|1996-11-29
DCL|Dynamic Controls Ltd|2000-05-24
DCM|DCM Data Products|1996-11-29
DCO|Dialogue Technology Corporation|2004-06-16
DCR|Decros Ltd|1996-11-29
DCS|Diamond Computer Systems Inc|1996-11-29
DCT|Dancall Telecom A/S|1997-08-12
DCV|Datatronics Technology Inc|1997-01-02
DDA|DA2 Technologies Corporation|2006-03-13
DDD|Danka Data Devices|1996-11-29
DDE|Datasat Digital Entertainment|2011-11-18
DDI|Data Display AG|2002-07-17
DDS|Barco, N.V.|2000-10-23
DDT|Datadesk Technologies Inc|1998-11-27
DDV|Delta Information Systems, Inc|2012-01-03
DEC|Digital Equipment Corporation|1996-11-29
DEF|DEIF A/S|2024-05-10
DEI|Deico Electronics|1996-11-29
DEL|Dell Inc.|2009-12-09
DEM|DemoPadÂ SoftwareÂ Ltd|2024-01-04
DEN|Densitron Computers Ltd|1999-09-13
DEX|idex displays|2002-04-25
DFI|DFI|1996-11-29
DFK|SharkTec A/S|2006-02-14
DFT|DEI Holdings dba Definitive Technology|2011-12-09
DGA|Digiital Arts Inc|2007-06-14
DGC|Data General Corporation|1996-11-29
DGI|DIGI International|1996-11-29
DGK|DugoTech Co., LTD|2007-06-14
DGP|Digicorp European sales S.A.|1997-05-22
DGS|Diagsoft Inc|1996-11-29
DGT|Dearborn Group Technology|1997-11-11
DHD|Dension Audio Systems|2013-03-04
DHP|DH Print|1996-11-29
DHQ|Quadram|1996-11-29
DHT|Projectavision Inc|1998-01-14
DIA|Diadem|1996-11-29
DIG|Digicom S.p.A.|1996-11-29
DII|Dataq Instruments Inc|1996-11-29
DIM|dPict Imaging, Inc.|2008-02-12
DIN|Daintelecom Co., Ltd|1999-11-08
DIS|Diseda S.A.|1996-11-29
DIT|Dragon Information Technology|1996-11-29
DJE|Capstone Visua lProduct Development|2008-10-09
DJP|Maygay Machines, Ltd|2000-08-10
DKY|Datakey Inc|1998-04-06
DLB|Dolby Laboratories Inc.|2010-01-27
DLC|Diamond Lane Comm. Corporation|1996-11-29
DLD|Delem|2023-04-05
DLG|Digital-Logic GmbH|2003-09-02
DLK|D-Link Systems Inc|1996-11-29
DLL|Dell Inc|2009-03-27
DLM|DLOGIC Ltd.|2021-06-10
DLO|Shenzhen Dlodlo Technologies Co., Ltd.|2019-04-29
DLT|Digitelec Informatique Park Cadera|1996-11-29
DMB|Digicom Systems Inc|1998-03-13
DMC|Dune Microsystems Corporation|1996-11-29
DMG|Monoprice.Inc|2021-06-04
DMM|Dimond Multimedia Systems Inc|1996-11-29
DMN|Dimension Engineering LLC|2019-02-06
DMO|Data Modul AG|2013-12-03
DMP|D&M Holdings Inc, Professional Business Company|2006-09-05
DMS|DOME imaging systems|2000-10-23
DMT|Distributed Management Task Force, Inc. (DMTF)|2009-03-31
DMV|NDS Ltd|1997-06-25
DNA|DNA Enterprises, Inc.|1998-09-01
DNG|Apache Micro Peripherals Inc|1997-11-11
DNI|Deterministic Networks Inc.|2000-04-19
DNT|Dr. Neuhous Telekommunikation GmbH|1996-11-29
DNV|DiCon|2004-12-15
DOL|Dolman Technologies Group Inc|1997-11-11
DOM|Dome Imaging Systems|1996-11-29
DON|DENON, Ltd.|2004-04-01
DOT|Dotronic Mikroelektronik GmbH|2002-06-28
DPA|DigiTalk Pro AV|2000-10-23
DPC|Delta Electronics Inc|1996-11-29
DPH|Delphi Automotive LLP|2013-10-15
DPI|DocuPoint|1996-11-29
DPL|Digital Projection Limited|2002-07-09
DPM|ADPM Synthesis sas|2000-08-10
DPN|Shanghai Lexiang Technology Limited|2017-02-07
DPS|Digital Processing Systems|1996-11-29
DPT|DPT|1996-11-29
DPX|DpiX, Inc.|1998-09-23
DQB|Datacube Inc|1996-11-29
DRB|Dr. Bott KG|2002-04-25
DRC|Data Ray Corp.|2001-11-30
DRD|DIGITAL REFLECTION INC.|2000-02-21
DRI|Data Race Inc|1997-07-30
DRS|DRS Defense Solutions, LLC|2011-10-18
DSA|Display Solution AG|2016-02-03
DSD|DS Multimedia Pte Ltd|2006-02-14
DSG|Disguise Technologies|2019-10-22
DSI|Digitan Systems Inc|1996-11-29
DSJ|VR Technology Holdings Limited|2017-01-19
DSM|DSM Digital Services GmbH|1996-11-29
DSP|Domain Technology Inc|1996-11-29
DTA|DELTATEC|2009-03-13
DTC|DTC Tech Corporation|1996-11-29
DTE|Dimension Technologies, Inc.|2010-05-03
DTI|Diversified Technology, Inc.|1996-11-29
DTK|Dynax Electronics (HK) Ltd|1996-11-29
DTL|e-Net Inc|1997-10-16
DTM|Daten Tecnologia|2024-06-15
DTN|Datang  Telephone Co|1998-09-23
DTO|Deutsche Thomson OHG|2007-06-14
DTT|Design & Test Technology, Inc.|2010-09-30
DTX|Data Translation|1996-11-29
DUA|Dosch & Amand GmbH & Company KG|1997-12-02
DUN|NCR Corporation|2002-04-25
DVD|Dictaphone Corporation|1998-04-03
DVL|Devolo AG|2002-05-30
DVS|Digital Video System|1996-11-29
DVT|Data Video|2007-02-13
DWE|Daewoo Electronics Company Ltd|1996-11-29
DXC|Digipronix Control Systems|1999-07-16
DXD|DECIMATOR DESIGN PTY LTD|2012-03-06
DXL|Dextera Labs Inc|2009-12-09
DXN|Dixon Technologies (India) Limited|2023-07-31
DXP|Data Expert Corporation|1996-11-29
DXS|Signet|2000-10-23
DYC|Dycam Inc|1998-01-08
DYM|Dymo-CoStar Corporation|1998-12-28
DYN|Askey Computer Corporation|1997-07-22
DYX|Dynax Electronics (HK) Ltd|1996-11-29
EAC|Emotiva Audio Corp.Â |2023-02-02
EAG|ELTEC Elektronik AG|2014-11-25
EAS|Evans and Sutherland Computer|2003-01-28
EBH|Data Price Informatica|2001-05-24
EBS|EBS Euchner BÃ¼ro- und Schulsysteme GmbH|2013-02-05
EBT|HUALONG TECHNOLOGY CO., LTD|2007-06-15
ECA|Electro Cam Corp.|2000-08-10
ECC|ESSential Comm. Corporation|1996-11-29
ECH|EchoStar Corporation|2016-02-26
ECI|Enciris Technologies|2008-11-01
ECK|Eugene Chukhlomin Sole Proprietorship, d.b.a.|2008-05-03
ECL|Excel Company Ltd|1997-05-27
ECM|E-Cmos Tech Corporation|1996-11-29
ECO|Echo Speech Corporation|1996-11-29
ECP|Elecom Company Ltd|1996-11-29
ECS|Elitegroup Computer Systems Company Ltd|1996-11-29
ECT|Enciris Technologies|2008-11-01
EDC|e.Digital Corporation|2000-10-23
EDG|Electronic-Design GmbH|1997-08-12
EDI|Edimax Tech. Company Ltd|1996-11-29
EDM|EDMI|1998-07-16
EDT|Emerging Display Technologies Corp|2009-08-18
EEE|ET&T Technology Company Ltd|1998-05-04
EEH|EEH Datalink GmbH|1997-07-03
EEI|ELARABY COMPANY FOR ENGINEERING INDUSTRIES|2024-02-14
EEP|E.E.P.D. GmbH|2007-06-14
EES|EE Solutions, Inc.|2003-04-16
EGA|Elgato Systems LLC|2011-02-08
EGD|EIZO GmbH Display Technologies|2009-02-13
EGL|Eagle Technology|1996-11-29
EGN|Egenera, Inc.|2002-10-08
EGO|Ergo Electronics|1996-11-29
EHJ|Epson Research|1996-11-29
EHN|Enhansoft|2010-11-16
EIC|Eicon Technology Corporation|1996-11-29
EIN|Elegant Invention|2018-03-29
EKA|MagTek Inc.|2006-02-14
EKC|Eastman Kodak Company|1996-11-29
EKS|EKSEN YAZILIM|2002-04-25
ELA|ELAD srl|2002-04-25
ELC|Electro Scientific Ind|1996-11-29
ELD|Express Luck, Inc.|2019-10-22
ELE|Elecom Company Ltd|1996-11-29
ELG|Elmeg GmbH Kommunikationstechnik|1996-11-29
ELI|Edsun Laboratories|1996-11-29
ELL|Electrosonic Ltd|1999-09-13
ELM|Elmic Systems Inc|1996-11-29
ELO|Elo TouchSystems Inc|1996-11-29
ELS|ELSA GmbH|1996-11-29
ELT|Element Labs, Inc.|2007-10-11
ELU|Express Industrial, Ltd.|2015-09-10
ELX|Elonex PLC|1996-11-29
EMB|Embedded computing inc ltd|2002-02-25
EMC|eMicro Corporation|1994-01-01
EMD|Embrionix Design Inc.|2013-07-24
EME|EMiNE TECHNOLOGY COMPANY, LTD.|2005-06-16
EMG|EMG Consultants Inc|1996-11-29
EMI|Ex Machina Inc|1996-11-29
EMK|Emcore Corporation|2012-05-31
EMO|ELMO COMPANY, LIMITED|2012-06-26
EMR|ICC Intelligent Platforms GmbH|2021-06-10
EMU|Emulex Corporation|1996-11-29
ENC|Eizo Nanao Corporation|1998-12-28
END|ENIDAN Technologies Ltd|2000-04-19
ENE|ENE Technology Inc.|2001-03-15
ENI|Efficient Networks|1996-11-29
ENS|Ensoniq Corporation|1996-11-29
ENT|Enterprise Comm. & Computing Inc|1996-11-29
EON|Eon Instrumentation, Inc.|2015-01-15
EPC|Empac|1996-12-04
EPH|Epiphan Systems Inc.|2011-03-14
EPI|Envision Peripherals, Inc|1999-02-22
EPN|EPiCON Inc.|1998-09-23
EPS|KEPS|1996-11-29
EQP|Equipe Electronics Ltd.|2005-07-14
EQX|Equinox Systems Inc|1996-11-29
ERG|Ergo System|1996-11-29
ERI|Ericsson Mobile Communications AB|1997-10-22
ERN|Ericsson, Inc.|1998-09-23
ERP|Euraplan GmbH|1996-11-29
ERS|Eizo Rugged Solutions|2016-05-25
ERT|Escort Insturments Corporation|1997-05-02
ESA|Elbit Systems of America|2009-06-15
ESB|ScioTeq|2015-01-15
ESC|Eden Sistemas de Computacao S/A|1996-11-29
ESD|Ensemble Designs, Inc|2009-12-09
ESG|ELCON Systemtechnik GmbH|1999-07-16
ESI|Extended Systems, Inc.|1999-07-16
ESK|ES&S|1999-11-08
ESL|Esterline Technologies|2012-01-06
ESN|eSATURNUS|2012-02-21
ESS|ESS Technology Inc|1996-11-29
EST|Embedded Solution Technology|2000-05-24
ESY|E-Systems Inc|1996-11-29
ETC|Everton Technology Company Ltd|1997-04-10
ETD|ELAN MICROELECTRONICS CORPORATION|2009-11-03
ETG|Eizo Technologies GmbH|2022-06-24
ETH|Etherboot Project|2010-07-09
ETI|Eclipse Tech Inc|1996-11-29
ETK|eTEK Labs Inc.|1998-07-16
ETL|Evertz Microsystems Ltd.|2007-06-14
ETS|Electronic Trade Solutions Ltd|2002-08-20
ETT|E-Tech Inc|1996-11-29
EUT|Ericsson Mobile Networks B.V.|1998-04-14
EVE|Advanced Micro Peripherals Ltd|2011-11-18
EVI|eviateg GmbH|2000-02-21
EVP|EverPro Technologies Company Limited|2022-09-30
EVX|Everex|1996-11-29
EXA|Exabyte|1996-11-29
EXC|Excession Audio|1998-11-06
EXI|Exide Electronics|1996-11-29
EXN|RGB Systems, Inc. dba Extron Electronics|2008-07-06
EXP|Data Export Corporation|1996-11-29
EXR|Explorer Inc.|2015-11-18
EXT|Exatech Computadores & Servicos Ltda|1998-09-23
EXX|Exxact GmbH|1996-11-29
EXY|Exterity Ltd|2009-02-12
EYE|eyevis GmbH|2011-11-18
EYF|eyefactive Gmbh|2015-07-07
EZE|EzE Technologies|2005-02-21
EZP|Storm Technology|1996-10-17
FAN|Fantalooks Co., Ltd.|2014-03-12
FAR|Farallon Computing|1996-11-29
FBI|Interface Corporation|1996-11-29
FCB|Furukawa Electric Company Ltd|1996-11-29
FCG|First International Computer Ltd|1997-04-10
FCS|Focus Enhancements, Inc.|2002-12-12
FDC|Future Domain|1996-11-29
FDD|Forth Dimension Displays Ltd|2015-07-07
FDI|Future Designs, Inc.|2014-09-29
FDT|Fujitsu Display Technologies Corp.|2002-10-23
FDX|Findex, Inc.|2019-10-22
FEC|FURUNO ELECTRIC CO., LTD.|1996-11-29
FEL|Fellowes & Questec|1996-11-29
FEN|Fen Systems Ltd.|2010-05-04
FER|Ferranti Int'L|1996-11-29
FFC|FUJIFILM Corporation|2011-08-22
FFI|Fairfield Industries|1996-11-29
FGD|Lisa Draexlmaier GmbH|1999-02-22
FGL|Fujitsu General Limited.|2000-02-21
FHL|FHLP|1996-11-29
FIC|Formosa Industrial Computing Inc|1996-11-29
FIL|Forefront Int'l Ltd|1996-11-29
FIN|Finecom Co., Ltd.|1998-11-27
FIR|Chaplet Systems Inc|1996-11-29
FIS|FLY-IT Simulators|1997-09-08
FIT|Feature Integration Technology Inc.|2009-08-11
FJC|FCL COMPONENTS LIMITED|1999-05-16
FJS|Fujitsu Spain|1996-11-29
FJT|F.J. Tieman BV|1998-06-25
FLE|ADTI Media, Inc|2009-09-15
FLI|Faroudja Laboratories|2004-06-02
FLY|Butterfly Communications|1997-05-05
FMA|Fast Multimedia AG|1996-11-29
FMC|Ford Microelectronics Inc|1997-03-11
FMI|Fellowes, Inc.|2001-07-05
FML|Fujitsu Microelect Ltd|1996-11-29
FMZ|Formoza-Altair|2003-04-25
FNC|Fanuc LTD|1997-01-29
FNI|Funai Electric Co., Ltd.|2005-01-18
FOA|FOR-A Company Limited|2008-12-06
FOK|Fokus Technologies GmbH|2013-10-22
FOS|Foss Tecator|1997-10-22
FOV|FOVE INC|2016-07-01
FOX|HON HAI PRECISON IND.CO.,LTD.|2010-08-02
FPC|Fingerprint Cards AB|2013-06-14
FPE|Fujitsu Peripherals Ltd|1997-08-19
FPS|Deltec Corporation|1996-11-29
FPX|Cirel Systemes|1996-11-29
FRC|Force Computers|1996-11-29
FRD|Freedom Scientific BLV|2007-06-15
FRE|Forvus Research Inc|1997-04-24
FRI|Fibernet Research Inc|1996-11-29
FRO|FARO Technologies|2012-09-21
FRS|South Mountain Technologies, LTD|2006-02-14
FSC|Future Systems Consulting KK|1996-11-29
FSI|Fore Systems Inc|1996-11-29
FST|Modesto PC Inc|1997-02-27
FTC|Futuretouch Corporation|1996-11-29
FTE|Frontline Test Equipment Inc.|1999-01-20
FTG|FTG Data Systems|1996-11-29
FTI|FastPoint Technologies, Inc.|2001-06-21
FTL|FUJITSU TEN LIMITED|2011-12-20
FTN|Fountain Technologies Inc|1996-11-29
FTR|Mediasonic|1996-11-29
FTS|FocalTech Systems Co., Ltd.|2013-07-23
FTW|MindTribe Product Engineering, Inc.|2011-02-14
FUJ|Fujitsu Ltd|1996-11-29
FUL|Fun Technology Innovation INC.|2021-06-10
FUN|sisel muhendislik|2002-04-25
FUS|Fujitsu Siemens Computers GmbH|2000-01-13
FVC|First Virtual Corporation|1996-11-29
FVX|C-C-C Group Plc|1998-05-04
FWA|Attero Tech, LLC|2010-04-20
FWR|Flat Connections Inc|1996-11-29
FXX|Fuji Xerox|1996-11-29
FZC|Founder Group Shenzhen Co.|1999-11-08
FZI|FZI Forschungszentrum Informatik|1997-08-12
GAC|GreenArrays, Inc.|2015-11-18
GAG|Gage Applied Sciences Inc|1996-11-29
GAL|Galil Motion Control|1996-11-29
GAU|Gaudi Co., Ltd.|2003-03-31
GBT|GIGA-BYTE TECHNOLOGY CO., LTD.|2018-09-05
GCC|GCC Technologies Inc|1997-06-05
GCI|Gateway Comm. Inc|1996-11-29
GCS|Grey Cell Systems Ltd|1997-04-29
GDC|General Datacom|1996-11-29
GDI|G. Diehl ISDN GmbH|1996-11-29
GDS|GDS|2004-06-23
GDT|Vortex Computersysteme GmbH|1996-11-29
GEC|Gechic Corporation|2016-01-04
GED|General Dynamics C4 Systems|2013-01-09
GEF|GE Fanuc Embedded Systems|2007-06-14
GEH|Abaco Systems, Inc.|2010-09-03
GEM|Gem Plus|1998-02-27
GEN|Genesys ATE Inc|1996-11-29
GEO|GEO Sense|1996-11-29
GER|GERMANEERS GmbH|2011-12-20
GES|GES Singapore Pte Ltd|2001-03-15
GET|Getac Technology Corporation|2010-05-11
GFM|GFMesstechnik GmbH|2001-03-15
GFN|Gefen Inc.|2007-10-11
GGL|Google Inc.|2010-05-26
GGT|G2TOUCH KOREA|2017-05-25
GIC|General Inst. Corporation|1996-11-29
GIM|Guillemont International|1997-10-29
GIP|GI Provision Ltd|2012-02-08
GIS|AT&T Global Info Solutions|1996-11-29
GJN|Grand Junction Networks|1996-11-29
GLD|Goldmund - Digital Audio SA|2012-02-06
GLE|AD electronics|2000-04-19
GLM|Genesys Logic|1999-11-08
GLS|Gadget Labs LLC|1996-11-29
GMK|GMK Electronic Design GmbH|2008-01-18
GML|General Information Systems|2000-01-13
GMM|GMM Research Inc|1996-11-29
GMN|GEMINI 2000 Ltd|2000-10-23
GMX|GMX Inc|1996-11-29
GND|Gennum Corporation|2006-09-05
GNN|GN Nettest Inc|1997-07-30
GNZ|Gunze Ltd|1996-11-29
GOE|GOEPEL electronic GmbH|2013-06-24
GPR|GoPro, Inc.|2015-01-15
GRA|Graphica Computer|1996-11-29
GRE|GOLD RAIN ENTERPRISES CORP.|2003-06-04
GRH|Granch Ltd|2002-09-23
GRM|Garmin International|2011-12-09
GRV|Advanced Gravis|1996-11-29
GRY|Robert Gray Company|1998-03-31
GSB|NIPPONDENCHI CO,.LTD|2000-05-24
GSC|General Standards Corporation|1998-07-16
GSM|Goldstar Company Ltd|1996-11-29
GSN|Grandstream Networks, Inc.|2014-03-03
GST|Graphic SystemTechnology|1996-11-29
GSY|Grossenbacher Systeme AG|2000-04-19
GTC|Graphtec Corporation|1996-11-29
GTI|Goldtouch|1997-08-06
GTK|G-Tech Corporation|1996-11-29
GTM|Garnet System Company Ltd|1996-11-29
GTS|Geotest Marvin Test Systems Inc|1998-02-24
GTT|General Touch Technology Co., Ltd.|2002-11-21
GUD|Guntermann & Drunck GmbH|2003-03-10
GUP|GoUp Co.,Ltd|2022-06-24
GUZ|Guzik Technical Enterprises|1996-11-29
GVC|GVC Corporation|1996-11-29
GVL|Global Village Communication|1996-11-29
GVS|G.VISION|2022-06-17
GWI|GW Instruments|1996-11-29
GWK|Gateworks Corporation|2013-07-31
GWY|Gateway 2000|1996-11-29
GXL|Galaxy Microsystems Ltd.|2022-06-17
GZE|GUNZE Limited|2005-05-02
HAE|Haider electronics|2001-07-05
HAI|Haivision Systems Inc.|2007-11-15
HAL|Halberthal|1998-02-10
HAN|Hanchang System Corporation|2003-06-21
HAR|Harris Corporation|2011-12-20
HAY|Hayes Microcomputer Products Inc|1996-11-29
HCA|DAT|2001-03-15
HCE|Hitachi Consumer Electronics Co., Ltd|2009-05-15
HCL|HCL America Inc|1996-11-29
HCM|HCL Peripherals|2001-10-02
HCP|Hitachi Computer Products Inc|1996-11-29
HCW|Hauppauge Computer Works Inc|1996-11-29
HDC|HardCom Elektronik & Datateknik|1998-04-14
HDI|HD-INFO d.o.o.|2001-10-08
HDV|Holografika kft.|2005-03-31
HEC|Hisense Electric Co., Ltd.|1994-01-01
HEL|Hitachi Micro Systems Europe Ltd|1997-07-09
HER|Ascom Business Systems|1999-01-20
HET|HETEC Datensysteme GmbH|2004-02-03
HHC|HIRAKAWA HEWTECH CORP.|2008-05-20
HHI|Fraunhofer Heinrich-Hertz-Institute|2012-07-27
HHT|Hitevision Group|2021-03-08
HIB|Hibino Corporation|2003-07-09
HIC|Hitachi Information Technology Co., Ltd.|2000-04-19
HII|Harman International Industries, Inc|2015-01-09
HIK|Hikom Co., Ltd.|2003-10-13
HIL|Hilevel Technology|1996-11-29
HIQ|Kaohsiung Opto Electronics Americas, Inc.|2012-03-14
HIS|Hope Industrial Systems, Inc.|2014-01-13
HIT|Hitachi America Ltd|1996-11-29
HJI|Harris & Jeffries Inc|1996-11-29
HKA|HONKO MFG. CO., LTD.|2004-12-01
HKC|HKC OVERSEAS LIMITED|2016-03-30
HKG|Josef Heim KG|1996-11-29
HLG|China Hualu Group Co., Ltd.|2013-05-13
HMC|Hualon Microelectric Corporation|1996-11-29
HMK|hmk Daten-System-Technik BmbH|1997-09-30
HMX|HUMAX Co., Ltd.|2006-02-14
HNM|HONOR Device Co., Ltd.|2023-06-07
HNS|Hughes Network Systems|1996-11-29
HOB|HOB Electronic GmbH|1996-11-29
HOE|Hosiden Corporation|1997-08-05
HOL|Holoeye Photonics AG|2005-02-02
HON|Sonitronix|2011-02-03
HPA|Zytor Communications|2010-07-02
HPC|Hewlett-Packard Co.|2000-08-10
HPD|Hewlett Packard|1997-05-02
HPE|Hewlett Packard Enterprise|2015-09-22
HPI|Headplay, Inc.|2007-04-30
HPK|HAMAMATSU PHOTONICS K.K.|2006-12-20
HPN|HP Inc.|2015-12-21
HPQ|Hewlett-Packard Co.|2004-07-12
HPR|H.P.R. Electronics GmbH|2007-08-29
HRC|Hercules|2001-03-15
HRE|Qingdao Haier Electronics Co., Ltd.|2006-04-12
HRI|Hall Research|2012-05-10
HRL|Herolab GmbH|1998-03-17
HRS|Harris Semiconductor|1997-01-02
HRT|HERCULES|2001-03-15
HSC|Hagiwara Sys-Com Company Ltd|1996-11-29
HSD|HannStar Display Corp|2009-08-11
HSM|AT&T Microelectronics|1996-11-29
HSN|Hansung Co., Ltd|2021-06-18
HSP|HannStar Display Corp|2009-08-11
HST|Horsent Technology Co., Ltd.|2015-04-11
HTC|Hitachi Ltd|1996-11-29
HTI|Hampshire Company, Inc.|1999-01-20
HTK|Holtek Microelectronics Inc|1996-11-29
HTL|HTBLuVA MÃ¶dling|2014-02-17
HTR|Shenzhen ZhuoYi HengTong Computer Technology Limited|2013-12-13
HTX|Hitex Systementwicklung GmbH|1998-01-30
HUB|GAI-Tronics, A Hubbell Company|2009-03-26
HUK|Hoffmann + Krippner GmbH|2016-07-01
HUM|IMP Electronics Ltd.|2004-06-16
HVR|HTC Corportation|2015-10-16
HWA|Harris Canada Inc|1998-03-13
HWC|DBA Hans Wedemeyer|1999-03-20
HWD|Highwater Designs Ltd|1996-11-29
HWP|Hewlett Packard|2001-03-15
HWV|Huawei Technologies Co., Inc.|2018-04-25
HXM|Hexium Ltd.|2008-04-15
HYC|Hypercope Gmbh Aachen|1997-12-01
HYD|Hydis Technologies.Co.,LTD|2010-11-22
HYL|Shanghai Chai Ming Huang Info&Tech Co, Ltd|2017-02-28
HYO|HYC CO., LTD.|2006-04-12
HYP|Hyphen Ltd|1996-11-29
HYR|Hypertec Pty Ltd|1996-11-29
HYT|Heng Yu Technology (HK) Limited|2000-10-23
HYV|Hynix Semiconductor|2008-11-29
IAD|IAdea Corporation|2015-09-10
IAF|Institut f r angewandte Funksystemtechnik GmbH|1999-03-20
IAI|Integration Associates, Inc.|2004-03-17
IAT|IAT Germany GmbH|1996-11-29
IBC|Integrated Business Systems|1996-11-29
IBI|INBINE.CO.LTD|2001-11-06
IBM|IBM Brasil|1996-11-29
IBP|IBP Instruments GmbH|1998-09-23
IBR|IBR GmbH|1998-01-16
ICA|ICA Inc|2002-05-20
ICC|BICC Data Networks Ltd|1996-11-29
ICD|ICD Inc|1997-06-09
ICE|IC Ensemble|1997-09-19
ICI|Infotek Communication Inc|1996-11-29
ICM|Intracom SA|1998-08-03
ICN|Sanyo Icon|1996-11-29
ICO|Intel Corp|2000-08-10
ICP|ICP Electronics, Inc./iEi Technology Corp.|2012-09-07
ICR|Icron|2019-10-22
ICS|Integrated Circuit Systems|1996-11-29
ICV|Inside Contactless|2010-11-04
ICX|ICCC A/S|1996-11-29
IDC|International Datacasting Corporation|1997-02-25
IDE|IDE Associates|1996-11-29
IDK|IDK Corporation|2003-04-16
IDN|Idneo Technologies|2012-07-05
IDO|IDEO Product Development|1997-09-30
IDP|Integrated Device Technology, Inc.|2010-01-27
IDS|Interdigital Sistemas de Informacao|1997-10-28
IDT|International Display Technology|2002-05-16
IDX|IDEXX Labs|1996-11-29
IEC|Interlace Engineering Corporation|1996-11-29
IEE|IEE|2001-06-21
IEI|Interlink Electronics|1998-10-16
IFS|In Focus Systems Inc|1996-11-29
IFT|Informtech|1996-11-29
IFX|Infineon Technologies AG|2000-04-19
IFZ|Infinite Z|2012-01-04
IGC|Intergate Pty Ltd|1996-11-29
IGM|IGM Communi|1996-11-29
IHE|InHand Electronics|2010-04-20
IIC|ISIC Innoscan Industrial Computers A/S|2003-07-23
III|Intelligent Instrumentation|1996-11-29
IIN|IINFRA Co., Ltd|2003-05-09
IIT|Informatik Information Technologies|2013-08-14
IKE|Ikegami Tsushinki Co. Ltd.|2014-11-14
IKS|Ikos Systems Inc|1996-11-29
ILC|Image Logic Corporation|1996-11-29
ILS|Innotech Corporation|2000-10-23
IMA|Imagraph|1996-11-29
IMB|ART s.r.l.|2012-01-27
IMC|IMC Networks|1996-11-29
IMD|ImasDe Canarias S.A.|1997-07-03
IME|Imagraph|1996-12-04
IMF|Immersive Audio Technologies France|2018-03-29
IMG|IMAGENICS Co., Ltd.|2006-09-05
IMI|International Microsystems Inc|1996-11-29
IMM|Immersion Corporation|1997-07-16
IMN|Impossible Production|2000-08-10
IMP|Impinj|2012-08-14
IMT|Inmax Technology Corporation|2003-02-12
IMX|arpara Technology Co., Ltd.|2022-04-08
INA|Inventec Corporation|2013-09-13
INC|Home Row Inc|1996-11-29
IND|ILC|2004-06-16
INE|Inventec Electronics (M) Sdn. Bhd.|1998-07-21
INF|Inframetrics Inc|1996-11-29
ING|Integraph Corporation|1996-11-29
INI|Initio Corporation|1996-11-29
INK|Indtek Co., Ltd.|2007-03-26
INL|InnoLux Display Corporation|2004-12-15
INM|InnoMedia Inc|1996-11-29
INN|Innovent Systems, Inc.|2000-04-19
INO|Innolab Pte Ltd|1999-01-20
INP|Interphase Corporation|1996-11-29
INS|Ines GmbH|1996-11-29
INT|Interphase Corporation|1996-11-29
inu|Inovatec S.p.A.|2001-03-15
INV|Inviso, Inc.|2000-10-23
INX|Communications Supply Corporation (A division of WESCO)|2012-11-07
INZ|Best Buy|2004-06-04
IOA|CRE Technology Corporation|1997-06-30
IOC|Guangxi Century Innovation Display Electronics Co., Ltd|2021-06-10
IOD|I-O Data Device Inc|1996-11-29
IOM|Iomega|1996-11-29
ION|Inside Out Networks|1998-12-28
IOS|i-O Display System|2001-03-15
IOT|I/OTech Inc|1996-11-29
IPC|IPC Corporation|1996-11-29
IPD|Industrial Products Design, Inc.|1999-07-16
IPI|Intelligent Platform Management Interface (IPMI) forum (Intel, HP, NEC, Dell)|2000-05-24
IPM|IPM Industria Politecnica Meridionale SpA|1998-09-23
IPN|Performance Technologies|2004-02-24
IPP|IP Power Technologies GmbH|2010-12-06
IPQ|IP3 Technology Ltd.|2013-11-11
IPR|Ithaca Peripherals|1997-07-01
IPS|IPS, Inc. (Intellectual Property Solutions, Inc.)|2001-09-05
IPT|International Power Technologies|1997-04-11
IPW|IPWireless, Inc|2001-03-15
IQI|IneoQuest Technologies, Inc|2011-02-18
IQT|IMAGEQUEST Co., Ltd|2002-10-08
IRD|Irdata|2001-04-24
ISA|Symbol Technologies|1997-06-02
ISC|Id3 Semiconductors|2001-03-15
ISG|Insignia Solutions Inc|1996-11-29
ISI|Interface Solutions|1996-11-29
ISL|Isolation Systems|1996-11-29
ISM|Image Stream Medical|2010-05-27
ISP|IntreSource Systems Pte Ltd|1997-08-27
ISR|INSIS Co., LTD.|2003-02-12
ISS|ISS Inc|1996-11-29
IST|Intersolve Technologies|1999-03-20
ISY|International Integrated Systems,Inc.(IISI)|2000-08-10
ITA|Itausa Export North America|1996-11-29
ITC|Intercom Inc|1996-11-29
ITD|Internet Technology Corporation|1997-12-05
ITE|Integrated Tech Express Inc|1996-11-29
ITI|VanErum Group|2013-10-01
ITK|ITK Telekommunikation AG|1996-11-29
ITL|Inter-Tel|1997-03-21
ITM|ITM inc.|2001-04-24
ITN|The NTI Group|1996-11-29
ITP|IT-PRO Consulting und Systemhaus GmbH|2000-10-23
ITR|Infotronic America, Inc.|2001-06-21
ITS|IDTECH|2002-06-17
ITT|I&T Telecom.|1999-11-08
ITX|integrated Technology Express Inc|1997-06-25
IUC|ICSL|1997-08-14
IVI|Intervoice Inc|1996-11-29
IVM|Iiyama North America|1996-11-29
IVO|InfoVision Optoelectronics (Kunshan) Co.,Ltd China|2023-09-01
IVR|Inlife-Handnet Co., Ltd.|2017-01-19
IVS|Intevac Photonics Inc.|2011-02-16
IWR|Icuiti Corporation|2007-03-06
IWX|Intelliworxx, Inc.|1999-05-16
IXD|Intertex Data AB|1996-11-29
IXN|Shenzhen Inet Mobile Internet Technology Co., LTD|2014-11-04
JAC|Astec Inc|1996-11-29
JAE|Japan Aviation Electronics Industry, Limited|2001-03-15
JAS|Janz Automationssysteme AG|2009-11-03
JAT|Jaton Corporation|1997-09-24
JAZ|Carrera Computer Inc|1994-01-01
JCE|Jace Tech Inc|1996-11-29
JDI|Japan Display Inc.|2013-04-18
JDL|Japan Digital Laboratory Co.,Ltd.|2000-04-19
JEM|Japan E.M.Solutions Co., Ltd.|2018-05-24
JEN|N-Vision|2000-10-23
JET|JET POWER TECHNOLOGY CO., LTD.|2001-03-15
JFX|Jones Futurex Inc|1996-11-29
JGD|University College|1996-11-29
JIC|Jaeik Information & Communication Co., Ltd.|2000-10-23
JKC|JVC KENWOOD Corporation|2012-03-08
JLK|UNIONMAN TECHNOLOGY CO., LTD|2023-04-19
JMT|Micro Technical Company Ltd|1996-11-29
JPC|JPC Technology Limited|2000-10-23
JPW|Wallis Hamilton Industries|1999-07-16
JQE|CNet Technical Inc|1996-11-29
JSD|JS DigiTech, Inc|2000-10-23
JSI|Jupiter Systems, Inc.|2007-06-14
JSK|SANKEN ELECTRIC CO., LTD|1999-09-13
JTS|JS Motorsports|1997-12-05
JTY|jetway security micro,inc|2009-11-11
JUK|Janich & Klass Computertechnik GmbH|2002-10-08
JUP|Jupiter Systems|2006-09-05
JVC|JVC|2000-10-23
JWD|Video International Inc.|2000-02-21
JWL|Jewell Instruments, LLC|2001-06-21
JWS|JWSpencer & Co.|1999-07-16
JWY|Jetway Information Co., Ltd|2003-09-22
KAR|Karna|2000-02-21
KBI|Kidboard Inc|1997-04-24
KBL|Kobil Systems GmbH|2001-03-15
KCD|Chunichi Denshi Co.,LTD.|2010-12-23
KCL|Keycorp Ltd|1997-05-20
KDE|KDE|2001-08-14
KDK|Kodiak Tech|1996-11-29
KDM|Korea Data Systems Co., Ltd.|2003-12-18
KDS|KDS USA|1996-11-29
KDT|KDDI Technology Corporation|2012-05-22
KEC|Kyushu Electronics Systems Inc|1998-01-12
KEM|Kontron Embedded Modules GmbH|2007-08-29
KES|Kesa Corporation|1996-11-29
KEU|Kontron Europe GmbH|2014-02-20
KEY|Key Tech Inc|1996-11-29
KFC|SCD Tech|2002-10-23
KFE|Komatsu Forest|2010-04-20
KFX|Kofax Image Products|1996-11-29
KGI|Klipsch Group, Inc|2015-09-22
KGL|KEISOKU GIKEN Co.,Ltd.|2012-04-17
KGN|KOGAN AUSTRALIA PTY LTD|2023-05-09
KIO|Kionix, Inc.|2013-12-23
KIS|KiSS Technology A/S|2005-06-16
KLT|Colorlight|2022-10-20
KMC|Mitsumi Company Ltd|1996-11-29
KME|KIMIN Electronics Co., Ltd.|2011-02-15
KML|Kensington Microware Ltd|1996-11-29
KMR|Kramer Electronics Ltd. International|2013-07-10
KNC|Konica corporation|1997-08-05
KNX|Nutech Marketing PTL|1996-11-29
KOB|Kobil Systems GmbH|2001-03-15
KOD|Eastman Kodak Company|2000-05-24
KOE|KOLTER ELECTRONIC|2001-03-15
KOL|Kollmorgen Motion Technologies Group|1996-11-29
KOM|Kontron GmbH|2018-09-05
KOP|Kopin Corporation|2021-10-01
KOU|KOUZIRO Co.,Ltd.|2012-07-27
KOW|KOWA Company,LTD.|2008-03-12
KPC|King Phoenix Company|1996-11-29
KPT|TPK Holding Co., Ltd|2016-08-16
KRL|Krell Industries Inc.|2004-08-03
KRM|Kroma Telecom|2010-05-05
KRY|Kroy LLC|1998-07-16
KSC|Kinetic Systems Corporation|1996-11-29
KSG|KUPA China Shenzhen Micro Technology Co., Ltd. Gold Institute|2014-04-22
KSL|Karn Solutions Ltd.|2006-05-08
KSX|King Tester Corporation|1998-07-16
KTC|Kingston Tech Corporation|1996-11-29
KTD|Takahata Electronics Co.,Ltd.|2009-07-22
KTE|K-Tech|2003-03-31
KTG|Kayser-Threde GmbH|1996-11-29
KTI|Konica Technical Inc|1996-11-29
KTK|Key Tronic Corporation|1996-11-29
KTN|Katron Tech Inc|1996-11-29
KTS|Kyokko Communication System Co., Ltd.|2021-02-18
KUR|Kurta Corporation|1996-11-29
KVA|Kvaser AB|1997-01-24
KVX|KeyView|2012-08-13
KWD|Kenwood Corporation|2008-02-22
KYC|Kyocera Corporation|1996-11-29
KYE|KYE Syst Corporation|1996-11-29
KYK|Samsung Electronics America Inc|1998-02-24
KYN|KEYENCE CORPORATION|2016-03-30
KZI|K-Zone International co. Ltd.|2000-08-10
KZN|K-Zone International|2001-06-21
LAB|ACT Labs Ltd|1997-09-02
LAC|LaCie|1998-12-28
LAF|Microline|1999-09-13
LAG|Laguna Systems|1996-11-29
LAN|Sodeman Lancom Inc|1996-11-29
LAS|LASAT Comm. A/S|1996-11-29
LAV|Lava Computer MFG Inc|1997-04-14
LBC|LABAU Technology Corp.|2024-08-05
LBO|Lubosoft|2001-04-24
LCC|LCI|2000-08-10
LCD|Toshiba Matsushita Display Technology Co., Ltd|2000-05-24
LCE|La Commande Electronique|1996-11-29
LCI|Lite-On Communication Inc|1996-11-29
LCM|Latitude Comm.|1996-11-29
LCN|LEXICON|2005-03-01
LCP|Silent Power Electronics GmbH|2021-06-10
LCS|Longshine Electronics Company|1996-11-29
LCT|Labcal Technologies|1999-11-08
LDN|Laserdyne Technologies|2013-10-16
LDT|LogiDataTech Electronic GmbH|2001-03-15
LEC|Lectron Company Ltd|1997-03-27
LED|Long Engineering Design Inc|1996-11-29
LEG|Legerity, Inc|2005-01-18
LEN|Lenovo Group Limited|2005-06-03
LEO|First International Computer Inc|1997-09-19
LEX|Lexical Ltd|1996-11-29
LGC|Logic Ltd|1994-04-02
LGD|LG Display|2022-09-30
LGI|Logitech Inc|1996-11-29
LGS|LG Semicom Company Ltd|1996-11-29
LGX|Lasergraphics, Inc.|2000-02-21
LHA|Lars Haagh ApS|1997-01-09
LHC|Beihai Century Joint Innovation Technology Co.,Ltd|2019-09-10
LHE|Lung Hwa Electronics Company Ltd|1998-06-12
LHT|Lighthouse Technologies Limited|2010-05-04
LIN|Lenovo Beijing Co. Ltd.|2012-05-22
LIP|Linked IP GmbH|2010-07-19
LIS|Life is Style Inc.|2021-06-18
LIT|Lithics Silicon Technology|2001-03-15
LJX|Datalogic Corporation|1996-11-29
LKM|Likom Technology Sdn. Bhd.|1998-04-23
LLL|L-3 Communications|2010-05-11
LLT|LUMINO Licht Elektronik GmbH|2023-11-07
LMG|Lucent Technologies|1997-01-13
LMI|Lexmark Int'l Inc|1996-11-29
LMP|Leda Media Products|1998-05-11
LMS|Lumens Digital Optics Inc.|2023-10-04
LMT|Laser Master|1996-11-29
LNC|Lincoln Technology Solutions|2023-05-24
LND|Land Computer Company Ltd|1996-11-29
LNK|Link Tech Inc|1996-11-29
LNR|Linear Systems Ltd.|2007-10-11
LNT|LANETCO International|2003-05-02
LNV|Lenovo|2005-07-14
LNX|The Linux Foundation|2014-04-04
LOC|Locamation B.V.|2004-01-09
LOE|Loewe Opta GmbH|2005-05-02
LOG|Logicode Technology Inc|1996-11-29
LOL|Litelogic Operations Ltd|2011-12-09
LPE|El-PUSK Co., Ltd.|2001-08-14
LPI|Design Technology|1996-11-29
LPL|DO NOT USE - LPL|2008-09-16
LSC|LifeSize Communications|2006-02-14
LSD|Intersil Corporation|2012-03-14
LSI|Loughborough Sound Images|1996-11-29
LSJ|LSI Japan Company Ltd|1996-11-29
LSL|Logical Solutions|1996-11-29
LSP|Lightspace Technologies|2018-03-29
LSY|LSI Systems Inc|1996-11-29
LTC|Labtec Inc|1997-12-08
LTI|Jongshine Tech Inc|1996-11-29
LTK|Lucidity Technology Company Ltd|1998-05-18
LTN|Litronic Inc|1998-02-03
LTS|LTS Scale LLC|2007-11-15
LTV|Leitch Technology International Inc.|2003-12-09
LTW|Lightware, Inc|1998-10-16
LUC|Lucent Technologies|2000-04-19
LUM|Lumagen, Inc.|2004-08-12
LUX|Luxxell Research Inc|1997-06-09
LVI|LVI Low Vision International AB|2011-01-21
LWC|Labway Corporation|1996-12-04
LWR|Lightware Visual Engineering|2009-02-04
LWW|Lanier Worldwide|1996-11-29
LXC|LXCO Technologies AG|2012-01-11
LXN|Luxeon|2001-03-15
LXS|ELEA CardWare|1998-06-25
LZX|Lightwell Company Ltd|1997-12-02
MAC|MAC System Company Ltd|1997-09-26
MAD|Xedia Corporation|1996-11-29
MAE|Maestro Pty Ltd|1996-12-04
MAG|MAG InnoVision|1996-11-29
MAI|Mutoh America Inc|1999-09-13
MAL|Meridian Audio Ltd|2009-02-04
MAN|LGIC|2000-02-21
MAS|Mass Inc.|2002-02-25
MAT|Panasonic Connect Co.,Ltd.|2022-04-01
MAX|Rogen Tech Distribution Inc|1996-11-29
MAY|Maynard Electronics|1996-11-29
MAZ|MAZeT GmbH|1998-08-11
MBC|MBC|1996-11-29
MBD|Microbus PLC|2002-08-13
MBM|Marshall Electronics|2006-03-13
MBV|Moreton Bay|2000-01-13
MCA|American Nuclear Systems Inc|1997-02-12
MCC|Micro Industries|2003-04-21
MCD|McDATA Corporation|1996-11-29
MCE|Metz-Werke GmbH & Co KG|2005-06-30
MCG|Motorola Computer Group|1997-08-14
MCI|Micronics Computers|1996-11-29
MCJ|Medicaroid Corporation|2018-08-20
MCL|Motorola Communications Israel|2002-07-02
MCM|Metricom Inc|1996-11-29
MCN|Micron Electronics Inc|1997-02-20
MCO|Motion Computing Inc.|2002-05-30
MCP|Magni Systems Inc|1996-11-29
MCQ|Mat's Computers|2004-07-22
MCR|Marina Communicaitons|1996-11-29
MCS|Micro Computer Systems|1996-11-29
MCT|Microtec|1996-11-29
MCX|Millson Custom Solutions Inc.|2013-10-17
MDA|Media4 Inc|1997-03-20
MDC|Midori Electronics|1996-11-29
MDD|MODIS|1999-11-08
MDF|MILDEF AB|2016-06-23
MDG|Madge Networks|1996-11-29
MDI|Micro Design Inc|1998-01-20
MDK|Mediatek Corporation|1997-03-13
MDO|Panasonic|1996-11-29
MDR|Medar Inc|1996-12-11
MDS|Micro Display Systems Inc|1996-11-29
MDT|Magus Data Tech|1996-11-29
MDV|MET Development Inc|1996-11-29
MDX|MicroDatec GmbH|1999-09-13
MDY|Microdyne Inc|1996-12-18
MEC|Mega System Technologies Inc|1997-12-29
MED|Messeltronik Dresden GmbH|1996-11-29
MEE|Mitsubishi Electric Engineering Co., Ltd.|2005-10-03
MEG|Abeam Tech Ltd.|1996-11-29
MEI|Panasonic Industry Company|1996-11-29
MEJ|Mac-Eight Co., LTD.|2011-01-19
MEK|Mediaedge Corporation|2013-11-19
MEL|Mitsubishi Electric Corporation|1996-11-29
MEN|MEN Mikroelectronik Nueruberg GmbH|1997-05-23
MEP|Meld Technology|2012-08-16
MEQ|Matelect Ltd.|2002-05-30
MET|Metheus Corporation|1996-11-29
MEU|MPL AG, Elektronik-Unternehmen|2016-01-15
MEX|MSC Vertriebs GmbH|2012-06-04
MFG|MicroField Graphics Inc|1996-11-29
MFI|Micro Firmware|1997-12-30
MFR|MediaFire Corp.|1998-12-28
MGA|Mega System Technologies, Inc.|1998-12-28
MGC|Mentor Graphics Corporation|2009-07-30
MGE|Schneider Electric S.A.|1996-11-29
MGL|M-G Technology Ltd|1997-10-29
MGT|Megatech R & D Company|1996-11-29
MHQ|Moxa Inc.|2019-10-22
MIC|Micom Communications Inc|1997-05-05
MID|miro Displays|1999-03-20
MII|Mitec Inc|1996-11-29
MIL|Marconi Instruments Ltd|1996-11-29
MIM|Mimio â€“ A Newell Rubbermaid Company|2012-07-31
MIN|Minicom Digital Signage|2010-08-13
MIP|micronpc.com|2000-08-10
MIR|Miro Computer Prod.|1996-11-29
MIS|Modular Industrial Solutions Inc|1996-11-29
MIT|MCM Industrial Technology GmbH|2004-10-29
MIV|MicroImage Video Systems|2015-12-08
MJI|MARANTZ JAPAN, INC.|2000-10-23
MJS|MJS Designs|1996-11-29
MKC|Media Tek Inc.|2007-06-14
MKS|MK Seiko Co., Ltd.|2013-06-18
MKT|MICROTEK Inc.|2005-07-14
MKV|Trtheim Technology|1997-03-17
MLC|MILCOTS|2020-07-15
MLD|Deep Video Imaging Ltd|2003-08-14
MLG|Micrologica AG|1998-10-06
MLI|McIntosh Laboratory Inc.|2008-01-18
MLL|Millogic Ltd.|2014-01-09
MLM|Millennium Engineering Inc|1996-11-29
MLN|Mark Levinson|2005-02-28
MLP|Magic Leap|2014-11-14
MLS|Milestone EPE|1998-08-11
MLT|Wanlida Group Co., Ltd.|2014-04-24
MLX|Mylex Corporation|1996-11-29
MMA|Micromedia AG|1997-04-24
MMD|Micromed Biotecnologia Ltd|1996-12-11
MMF|Minnesota Mining and Manufacturing|2001-03-15
MMI|Multimax|1996-11-29
MMM|Electronic Measurements|1996-11-29
MMN|MiniMan Inc|1996-11-29
MMS|MMS Electronics|1998-02-24
MMT|MIMO Monitors|2019-10-22
MNC|Mini Micro Methods Ltd|1996-11-29
MNI|Marseille, Inc.|2013-02-27
MNL|Monorail Inc|1997-02-18
MNP|Microcom|1996-11-29
MNS|Maxnerva Technology Services Limited|2024-02-14
MOC|Matrix Orbital Corporation|2017-11-13
MOD|Modular Technology|1997-06-09
MOK|Moka International limited|2024-05-23
MOM|Momentum Data Systems|2008-01-18
MOS|Moses Corporation|1996-11-29
MOT|Motorola UDS|1996-11-29
MPC|M-Pact Inc|1996-11-29
MPI|Mediatrix Peripherals Inc|1997-04-24
MPJ|Microlab|1997-05-23
MPL|Maple Research Inst. Company Ltd|1996-11-29
MPN|Mainpine Limited|2007-06-30
MPS|mps Software GmbH|1996-11-29
MPV|Megapixel Visual Realty|2020-07-15
MPX|Micropix Technologies, Ltd.|2001-10-08
MQP|MultiQ Products AB|1999-03-20
MRA|Miranda Technologies Inc|1996-11-29
MRC|Marconi Simulation & Ty-Coch Way Training|1996-11-29
MRD|MicroDisplay Corporation|2007-06-14
MRG|Nreal|2022-04-08
MRK|Maruko & Company Ltd|1996-11-29
MRL|Miratel|1998-10-16
MRO|Medikro Oy|1997-09-19
MRT|Merging Technologies|1996-11-29
MSA|Micro Systemation AB|1999-11-08
MSC|Mouse Systems Corporation|1996-11-29
MSD|Datenerfassungs- und Informationssysteme|1998-03-16
MSF|M-Systems Flash Disk Pioneers|1997-12-17
MSG|MSI GmbH|1999-09-13
MSH|Microsoft|1996-11-29
MSI|Microstep|1996-11-29
MSK|Megasoft Inc|1996-11-29
MSL|MicroSlate Inc.|1999-05-16
MSM|Advanced Digital Systems|1996-11-29
MSP|Mistral Solutions [P] Ltd.|1998-09-23
MSR|MASPRO DENKOH Corp.|2012-10-25
MST|MS Telematica|1997-04-28
MSU|motorola|2001-03-15
MSV|Mosgi Corporation|1996-11-29
MSX|Micomsoft Co., Ltd.|2008-04-10
MSY|MicroTouch Systems Inc|2000-08-10
MTA|Meta Watch Ltd|2013-08-29
MTB|Media Technologies Ltd.|2009-01-05
MTC|Mars-Tech Corporation|1996-11-29
MTD|MindTech Display Co. Ltd|2007-06-14
MTE|MediaTec GmbH|1996-12-13
MTH|Micro-Tech Hearing Instruments|1997-12-15
MTI|MaxCom Technical Inc|1996-11-29
MTJ|MicroTechnica Co.,Ltd.|2016-01-04
MTK|Microtek International Inc.|2002-02-25
MTL|Mitel Corporation|1997-08-01
MTM|Motium|2012-06-19
MTN|Mtron Storage Technology Co., Ltd.|2008-06-17
MTR|Mitron computer Inc|1996-11-29
MTS|Multi-Tech Systems|1996-11-29
MTT|Moore Threads Virtual Display|2023-09-11
MTU|Mark of the Unicorn Inc|1997-03-21
MTX|Matrox|1996-11-29
MUD|Multi-Dimension Institute|2000-10-23
MUK|Mainpine Limited|1999-09-13
MVD|Microvitec PLC|1996-11-29
MVI|Media Vision Inc|1996-11-29
MVM|SOBO VISION|2007-06-14
MVN|Meta Company|2016-05-25
MVR|MediCapture, Inc.|2017-05-25
MVS|Microvision|2009-02-13
MVX|COM 1|1996-11-29
MWI|Multiwave Innovation Pte Ltd|1996-11-29
MWR|mware|2001-04-24
MWY|Microway Inc|1996-11-29
MXD|MaxData Computer GmbH & Co.KG|2000-04-19
MXI|Macronix Inc|1996-11-29
MXL|Hitachi Maxell, Ltd.|2000-01-13
MXM|C&T Solution Inc.|2021-07-21
MXP|Maxpeed Corporation|1997-02-19
MXT|Maxtech Corporation|1996-11-29
MXV|MaxVision Corporation|1999-07-16
MYA|Monydata|1996-11-29
MYR|Myriad Solutions Ltd|1996-11-29
MYX|Micronyx Inc|1996-11-29
NAC|Ncast Corporation|2006-02-14
NAD|NAD Electronics|2007-06-14
NAF|NAFASAE INDIA Pvt. Ltd|2021-06-18
NAK|Nakano Engineering Co.,Ltd.|2009-07-22
NAL|Network Alchemy|1997-09-30
NAT|NaturalPoint Inc.|2010-09-03
NAV|Navigation Corporation|1999-02-22
NAX|Naxos Tecnologia|1997-12-12
NBL|N*Able Technologies Inc|1998-04-28
NBS|National Key Lab. on ISN|1998-07-16
NBT|NingBo Bestwinning Technology CO., Ltd|2006-09-05
NCA|Nixdorf Company|1996-11-29
NCC|NCR Corporation|1996-11-29
NCE|Norcent Technology, Inc.|2007-06-20
NCI|NewCom Inc|1997-01-09
NCL|NetComm Ltd|1996-11-29
NCP|Najing CEC Panda FPD Technology CO. ltd|2015-02-24
NCR|NCR Electronics|1996-11-29
NCS|Northgate Computer Systems|1996-11-29
NCT|NEC CustomTechnica, Ltd.|2002-10-23
NCV|NewCoSemi (Beijing) Technology CO.,Ltd.|2022-09-30
NDC|National DataComm Corporaiton|1996-11-29
NDF|NDF Special Light Products B.V.|2014-09-18
NDI|National Display Systems|2003-08-08
NDK|Naitoh Densei CO., LTD.|2006-04-12
NDL|Network Designers|1996-11-29
NDS|Nokia Data|1996-11-29
NEC|NEC Corporation|2000-05-24
NEO|NEO TELECOM CO.,LTD.|1999-11-08
NES|INNES|2016-07-01
NET|Mettler Toledo|1996-11-29
NEU|NEUROTEC - EMPRESA DE PESQUISA E DESENVOLVIMENTO EM BIOMEDICINA|2001-03-15
NEX|Nexgen Mediatech Inc.,|2003-11-11
NFC|BTC Korea Co., Ltd|2002-02-25
NFS|Number Five Software|1999-02-22
NGC|Network General|1997-08-26
NGS|A D S Exports|1998-07-16
NHC|New H3C Technology Co., Ltd.|2021-06-10
NHT|Vinci Labs|2006-03-03
NIC|National Instruments Corporation|1996-11-29
NIS|Nissei Electric Company|1996-11-29
NIT|Network Info Technology|1996-11-29
NIX|Seanix Technology Inc|2007-04-09
NLC|Next Level Communications|1996-11-29
NME|Navico, Inc.|2012-11-28
NMP|Nokia Mobile Phones|1996-11-29
NMS|Natural Micro System|1996-11-29
NMV|NEC-Mitsubishi Electric Visual Systems Corporation|2002-02-25
NMX|Neomagic|1996-11-29
NNC|NNC|1996-11-29
NOD|3NOD Digital Technology Co. Ltd.|2014-12-11
NOE|NordicEye AB|2009-09-23
NOI|North Invent A/S|2010-05-04
NOK|Nokia Display Products|1996-11-29
NOR|Norand Corporation|1997-03-19
NOT|Not Limited Inc|1998-01-30
NPA|Arvanics|2015-03-05
NPI|Network Peripherals Inc|1996-11-29
NRI|Noritake Itron Corporation|2017-11-13
NRL|U.S. Naval Research Lab|1996-11-29
NRT|Beijing Northern Radiantelecom Co.|1999-03-20
NRV|Taugagreining hf|1996-11-29
NSA|NeuroSky, Inc.|2013-08-28
NSC|National Semiconductor Corporation|1996-11-29
NSI|NISSEI ELECTRIC CO.,LTD|2000-01-13
NSP|Nspire System Inc.|2007-02-13
NSS|Newport Systems Solutions|1996-11-29
NST|Network Security Technology Co|1999-02-22
NTC|NeoTech S.R.L|1997-11-11
NTI|New Tech Int'l Company|1996-11-29
NTK|NewTek|2017-06-22
NTL|National Transcomm. Ltd|1996-11-29
NTN|Nuvoton Technology Corporation|2008-10-09
NTR|N-trig Innovative Technologies, Inc.|2005-10-03
NTS|Nits Technology Inc.|2006-12-19
NTT|NTT Advanced Technology Corporation|2004-08-19
NTW|Networth Inc|1996-11-29
NTX|Netaccess Inc|1997-02-07
NUG|NU Technology, Inc.|2004-04-16
NUI|NU Inc.|2007-08-29
NVC|NetVision Corporation|1996-11-29
NVD|Nvidia|1996-11-29
NVI|NuVision US, Inc.|2006-09-05
NVL|Novell Inc|1996-11-29
NVO|Netvio Ltd.|2021-09-21
NVR|NOLO CO., LTD.|2022-04-08
NVT|Navatek Engineering Corporation|1998-03-02
NWC|NW Computer Engineering|1997-02-03
NWL|Newline Interactive Inc.|2020-12-03
NWP|NovaWeb Technologies Inc|1998-06-12
NWS|Newisys, Inc.|2002-10-08
NXC|NextCom K.K.|1996-11-29
NXE|Norxe AS|2023-06-07
NXG|Nexgen|1996-11-29
NXP|NXP Semiconductors bv.|2007-06-14
NXQ|Nexiq Technologies, Inc.|2001-10-08
NXR|Nextorage Corporation|2021-09-21
NXS|Technology Nexus Secure Open Systems AB|1998-05-08
NXT|NZXT (PNP same EDID)_|2020-07-15
NYC|Nakayo Relecommunications, Inc.|2000-08-10
OAK|Oak Tech Inc|1996-11-29
OAS|Oasys Technology Company|1996-11-29
OBS|Optibase Technologies|2010-11-01
OCD|Macraigor Systems Inc|1998-03-23
OCN|Olfan|1996-11-29
OCS|Open Connect Solutions|1999-09-13
ODM|ODME Inc.|1998-09-23
ODR|Odrac|2001-06-21
OEC|ORION ELECTRIC CO.,LTD|2000-01-13
OEI|Optum Engineering Inc.|2010-08-02
OFI|Jiangxi Jinghao Optical Co., Ltd.|2022-09-23
OHW|M-Labs Limited|2013-11-27
OIC|Option Industrial Computers|2001-05-07
OIM|Option International|1997-01-30
OIN|Option International|2000-10-23
OKI|OKI Electric Industrial Company Ltd|1996-11-29
OLC|Olicom A/S|1996-11-29
OLD|Olidata S.p.A.|2006-03-13
OLI|Olivetti|1996-11-29
OLT|Olitec S.A.|1996-11-29
OLV|Olitec S.A.|1996-11-29
OLY|OLYMPUS CORPORATION|2005-05-02
OMC|OBJIX Multimedia Corporation|1996-11-29
OMG|RODE|2023-08-03
OMN|Omnitel|1998-04-28
OMR|Omron Corporation|1996-11-29
ONE|Oneac Corporation|1998-04-14
ONK|ONKYO Corporation|2005-06-16
ONL|OnLive, Inc|2010-09-03
ONS|On Systems Inc|1996-11-29
ONW|OPEN Networks Ltd|2003-04-25
ONX|SOMELEC Z.I. Du Vert Galanta|1996-11-29
OOS|OSRAM|2002-04-25
OPC|Opcode Inc|1996-11-29
OPI|D.N.S. Corporation|1996-11-29
OPP|OPPO Digital, Inc.|2012-06-19
OPT|OPTi Inc|1996-11-29
OPV|Optivision Inc|1996-11-29
OQI|Oksori Company Ltd|1996-11-29
ORG|ORGA Kartensysteme GmbH|1998-10-24
ORI|OSR Open Systems Resources, Inc.|1999-01-20
ORN|ORION ELECTRIC CO., LTD.|2005-01-19
OSA|OSAKA Micro Computer, Inc.|2003-09-05
OSD|Optical Systems Design Pty Ltd|2013-06-03
OSI|Open Stack, Inc.|2013-07-22
OSP|OPTI-UPS Corporation|1997-07-01
OSR|Oksori Company Ltd|1996-11-29
OTB|outsidetheboxstuff.com|2010-09-03
OTI|Orchid Technology|1996-11-29
OTK|OmniTek|2013-09-19
OTM|Optoma CorporationÂ Â Â Â Â Â Â Â Â Â |2010-04-20
OTT|OPTO22, Inc.|1998-10-06
OUK|OUK Company Ltd|1996-11-29
OVR|Oculus VR, Inc.|2012-10-19
OWL|Mediacom Technologies Pte Ltd|1996-11-29
OXU|Oxus Research S.A.|1996-11-29
OYO|Shadow Systems|1996-11-29
OZC|OZ Corporation|2012-08-07
OZD|OZO Co.Ltd|2022-06-17
OZO|Tribe Computer Works Inc|1996-11-29
PAC|Pacific Avionics Corporation|1996-11-29
PAD|Promotion and Display Technology Ltd.|2001-04-24
PAE|PreSonus Audio Electronics|2021-06-24
PAK|Many CNC System Co., Ltd.|2004-03-12
PAM|Peter Antesberger Messtechnik|1998-04-28
PAN|The Panda Project|1996-11-29
PAR|Parallan Comp Inc|1996-11-29
PBI|Pitney Bowes|1996-11-29
PBL|Packard Bell Electronics|1996-11-29
PBN|Packard Bell NEC|1996-11-29
PBV|Pitney Bowes|1999-09-13
PCA|Philips BU Add On Card|1996-11-29
PCB|OCTAL S.A.|1998-02-24
PCC|PowerCom Technology Company Ltd|1997-09-02
PCG|First Industrial Computer Inc|1996-11-29
PCI|Pioneer Computer Inc|1996-11-29
PCK|PCBANK21|2007-02-13
PCL|pentel.co.,ltd|2002-02-25
PCM|PCM Systems Corporation|1997-03-25
PCO|Performance Concepts Inc.,|2002-09-24
PCP|Procomp USA Inc|1996-11-29
PCS|TOSHIBA PERSONAL COMPUTER SYSTEM CORPRATION|2010-06-22
PCT|PC-Tel Inc|1997-05-02
PCW|Pacific CommWare Inc|1996-11-29
PCX|PC Xperten|1998-02-24
PDM|Psion Dacom Plc.|1999-11-08
PDN|AT&T Paradyne|1996-11-29
PDR|Pure Data Inc|1996-11-29
PDS|PD Systems International Ltd|1999-03-20
PDT|PDTS - Prozessdatentechnik und Systeme|1998-02-10
PDV|Prodrive B.V.|2005-01-18
PEC|POTRANS Electrical Corp.|1999-07-16
PEG|Pegatron Corporation|2013-08-27
PEI|PEI Electronics Inc|1998-04-06
PEL|Primax Electric Ltd|1996-11-29
PEN|Interactive Computer Products Inc|1997-01-15
PEP|Peppercon AG|2006-04-12
PER|Perceptive Signal Technologies|1997-05-13
PET|Practical Electronic Tools|1999-02-22
PFT|Telia ProSoft AB|1999-09-13
PGI|PACSGEAR, Inc.|2012-08-13
PGM|Paradigm Advanced Research Centre|2005-06-16
PGP|propagamma kommunikation|2000-04-19
PGS|Princeton Graphic Systems|1996-11-29
PHC|Pijnenburg Beheer N.V.|2001-04-24
PHE|Philips Medical Systems Boeblingen GmbH|2010-04-20
PHI|DO NOT USE - PHI|1996-11-29
PHL|Philips Consumer Electronics Company|1996-11-29
PHO|Photonics Systems Inc.|2002-06-03
PHS|Philips Communication Systems|1996-11-29
PHY|Phylon Communications|1996-11-29
PIC|Picturall Ltd.|2015-11-13
PIE|Pacific Image Electronics Company Ltd|1997-10-21
PIM|Prism, LLC|2007-07-24
PIO|Pioneer Electronic Corporation|1997-07-16
PIR|Pico Technology Inc.|2021-06-18
PIS|TECNART CO.,LTD.|2019-10-22
PIX|Pixie Tech Inc|1996-11-29
PJA|Projecta|1997-01-29
PJD|Projectiondesign AS|2002-09-23
PJT|Pan Jit International Inc.|2004-08-03
PKA|Acco UK Ltd.|2003-05-12
PLC|Pro-Log Corporation|1996-11-29
PLF|Panasonic Avionics Corporation|2010-08-13
PLM|PROLINK Microsystems Corp.|2002-02-25
PLT|PT Hartono Istana Teknologi|2010-05-05
PLV|PLUS Vision Corp.|2001-07-05
PLX|Parallax Graphics|1996-11-29
PLY|Polycom Inc.|2002-06-19
PMC|PMC Consumer Electronics Ltd|1996-12-11
PMD|TDK USA Corporation|1996-11-29
PMM|Point Multimedia System|1997-06-09
PMS|Pabian Embedded Systems|2017-02-28
PMT|Promate Electronic Co., Ltd.|2003-01-13
PMX|Photomatrix|1996-11-29
PNG|Microsoft|1996-11-29
PNL|Panelview, Inc.|2003-08-04
PNP|Microsoft|2004-03-05
PNR|Planar Systems, Inc.|2003-08-11
PNS|PanaScope|1994-01-01
PNT|HOYA Corporation PENTAX Lifecare Division|2017-05-25
PNX|Phoenix Technologies, Ltd.|1999-11-08
POL|PolyComp (PTY) Ltd.|2006-02-14
PON|Perpetual Technologies, LLC|2000-01-13
POR|Portalis LC|2008-11-01
POS|Positivo Tecnologia S.A.|2017-09-01
POT|Parrot|2014-11-25
PPC|Phoenixtec Power Company Ltd|1999-05-16
PPD|MEPhI|1998-11-27
PPI|Practical Peripherals|1996-11-29
PPM|Clinton Electronics Corp.|2003-10-01
PPP|Purup Prepress AS|1996-11-29
PPR|PicPro|2004-10-18
PPX|Perceptive Pixel Inc.|2010-05-04
PQI|Pixel Qi|2009-06-24
PRA|PRO/AUTOMATION|1999-07-16
PRC|PerComm|2001-04-24
PRD|Praim S.R.L.|1996-11-29
PRF|Schneider Electric Japan Holdings, Ltd.|2003-01-02
PRG|The Phoenix Research Group Inc|1997-09-19
PRI|Priva Hortimation BV|1997-10-22
PRM|Prometheus|1996-11-29
PRO|Proteon|1996-11-29
PRP|UEFI Forum|2016-02-03
PRS|Leutron Vision|1996-11-29
PRT|Parade Technologies, Ltd.|2012-04-06
PRX|Proxima Corporation|1996-11-29
PSA|Advanced Signal Processing Technologies|1999-09-13
PSC|Philips Semiconductors|1996-11-29
PSD|Peus-Systems GmbH|1996-11-29
PSE|Practical Solutions Pte., Ltd.|1998-10-06
PSI|PSI-Perceptive Solutions Inc|1996-11-29
PSL|Perle Systems Limited|1999-02-22
PSM|Prosum|1996-11-29
PST|Global Data SA|1996-11-29
PSY|Prodea Systems Inc.|2013-02-04
PTA|PAR Tech Inc.|2011-01-26
PTC|PS Technology Corporation|1997-01-29
PTG|Cipher Systems Inc|1996-11-29
PTH|Pathlight Technology Inc|1996-11-29
PTI|Promise Technology Inc|1997-01-02
PTL|Pantel Inc|1996-11-29
PTS|Plain Tree Systems Inc|1996-11-29
PTW|DO NOT USE - PTW|2009-09-09
PTX|Printronix LLC|2022-10-20
PUL|Pulse-Eight Ltd|2012-09-12
PVC|DO NOT USE - PVC|2009-09-09
PVG|Proview Global Co., Ltd|2002-10-08
PVI|Prime view international Co., Ltd|2009-07-06
PVM|Penta Studiotechnik GmbH|2010-05-05
PVN|Pixel Vision|1996-11-29
PVP|Klos Technologies, Inc.|2000-08-10
PVR|Pimax Tech. CO., LTD|2017-02-07
PXC|Phoenix Contact|2008-02-27
PXE|PIXELA CORPORATION|2007-11-21
PXL|The Moving Pixel Company|2003-11-24
PXM|Proxim Inc|1997-09-19
PXN|PixelNext Inc|2018-03-29
PXO|Pixio USA|2024-02-14
QCC|QuakeCom Company Ltd|1998-03-23
QCH|Metronics Inc|1996-11-29
QCI|Quanta Computer Inc|1996-11-29
QCK|Quick Corporation|1996-11-29
QCL|Quadrant Components Inc|1997-04-03
QCP|Qualcomm Inc|1999-05-16
QDI|Quantum Data Incorporated|2001-03-15
QDL|QD Laser, Inc.|2018-05-31
QDM|Quadram|1996-11-29
QDS|Quanta Display Inc.|2002-04-25
QFF|Padix Co., Inc.|1999-09-13
QFI|Quickflex, Inc|1998-08-04
QLC|Q-Logic|1996-11-29
QQQ|Chuomusen Co., Ltd.|2002-08-07
QSC|QSC, LLC|2019-01-18
QSI|Quantum Solutions, Inc.|2000-01-13
QTD|Quantum 3D Inc|1997-05-23
QTH|Questech Ltd|2000-01-13
QTI|Quicknet Technologies Inc|1996-11-29
QTM|Quantum|1996-11-29
QTR|Qtronix Corporation|1996-11-29
QUA|Quatographic AG|2000-01-13
QUE|Questra Consulting|1998-01-30
QVU|Quartics|2010-11-04
RAC|Racore Computer Products Inc|1996-11-29
RAD|Radisys Corporation|1996-11-29
RAI|Rockwell Automation/Intecolor|1998-03-13
RAN|Rancho Tech Inc|1996-11-29
RAR|Raritan, Inc.|2007-06-14
RAS|RAScom Inc|1996-11-29
RAT|Rent-A-Tech|1999-02-22
RAY|Raylar Design, Inc.|2000-01-13
RCE|Parc d'Activite des Bellevues|1996-11-29
RCH|Reach Technology Inc|1998-02-09
RCI|RC International|1996-11-29
RCN|Radio Consult SRL|2002-09-24
RCO|Rockwell Collins|2010-09-10
RDI|Rainbow Displays, Inc.|1998-09-23
RDL|Riedel Communications Canada Inc.|2022-04-08
RDM|Tremon Enterprises Company Ltd|1996-11-29
RDN|RADIODATA GmbH|2012-07-25
RDS|Radius Inc|1997-03-07
REA|Real D|2007-11-15
REC|ReCom|1999-05-16
RED|Research Electronics Development Inc|1997-12-02
REF|Reflectivity, Inc.|2000-04-19
REH|Rehan Electronics Ltd.|2012-02-15
REL|Reliance Electric Ind Corporation|1996-11-29
REM|SCI Systems Inc.|2000-08-10
REN|Renesas Technology Corp.|2007-06-14
RES|ResMed Pty Ltd|2000-02-21
RET|Resonance Technology, Inc.|2011-02-09
REV|Revolution Display, Inc.|2014-03-19
REX|RATOC Systems, Inc.|2012-01-06
RFI|RAFI GmbH & Co. KG|2015-08-24
RFX|Redfox Technologies Inc.|2014-01-14
RGB|RGB Spectrum|2012-11-14
RGL|Robertson Geologging Ltd|2000-08-10
RHD|RightHand Technologies|2012-05-01
RHM|Rohm Company Ltd|1997-05-13
RHT|Red Hat, Inc.|2011-02-17
RIC|RICOH COMPANY, LTD.|2010-05-13
RII|Racal Interlan Inc|1996-11-29
RIO|Rios Systems Company Ltd|1996-11-29
RIT|Ritech Inc|1998-04-14
RIV|Rivulet Communications|2007-07-19
RJA|Roland Corporation|1996-11-29
RJS|Advanced Engineering|1998-06-25
RKC|Reakin Technolohy Corporation|2001-03-15
RLD|MEPCO|2001-03-15
RLN|RadioLAN Inc|1996-11-29
RMC|Raritan Computer, Inc|1998-11-27
RMP|Research Machines|1996-11-29
RMS|Shenzhen Ramos Digital Technology Co., Ltd|2014-10-29
RMT|Roper Mobile|2010-07-02
RNB|Rainbow Technologies|1996-11-29
RNL|Reonel Oy|2024-01-04
ROB|Robust Electronics GmbH|2008-01-18
ROH|Rohm Co., Ltd.|2004-06-16
ROK|Rockwell International|1996-11-29
ROP|Roper International Ltd|1999-05-16
ROS|Rohde & Schwarz|2012-01-20
RPI|RoomPro Technologies|2010-07-09
RPL|Raspberry PI|2024-05-07
RPT|R.P.T.Intergroups|1996-11-29
RRI|Radicom Research Inc|1997-12-02
RRO|AVARRO|2023-08-07
RSC|PhotoTelesis|1998-03-16
RSH|ADC-Centre|1999-11-08
RSI|Rampage Systems Inc|1996-11-29
RSN|Radiospire Networks, Inc.|2007-06-14
RSQ|R Squared|1999-11-08
RSR|Zhong Shan City Richsound Electronic Industrial Ltd.|2015-01-27
RSS|Rockwell Semiconductor Systems|1996-11-29
RSV|Ross Video Ltd|2012-06-11
RSX|Rapid Tech Corporation|1996-11-29
RTC|Relia Technologies|1996-11-29
RTI|Rancho Tech Inc|1996-11-29
RTK|DO NOT USE - RTK|2009-09-09
RTL|Realtek Semiconductor Company Ltd|1996-11-29
RTS|Raintree Systems|2001-10-02
RUN|RUNCO International|2004-04-01
RUP|Ups Manufactoring s.r.l.|2001-03-15
RVC|RSI Systems Inc|1998-04-28
RVI|Realvision Inc|1996-11-29
RVL|Reveal Computer Prod|1996-11-29
RWC|Red Wing Corporation|1998-01-08
RXT|Tectona SoftSolutions (P) Ltd.,|2004-06-02
RZR|Razer Taiwan Co. Ltd.|2018-08-20
RZS|RozsnyÃ³, s.r.o.|2014-03-24
SAA|Sanritz Automation Co.,Ltd.|2002-02-25
SAE|Saab Aerotech|2007-06-14
SAG|Sedlbauer|1996-11-29
SAI|Sage Inc|1997-07-16
SAK|Saitek Ltd|1999-05-16
SAM|Samsung Electric Company|1996-11-29
SAN|Sanyo Electric Co.,Ltd.|1999-11-08
SAS|Stores Automated Systems Inc|1997-03-19
SAT|Shuttle Tech|1996-11-29
SBC|Shanghai Bell Telephone Equip Mfg Co|1998-04-30
SBD|Softbed - Consulting & Development Ltd|1997-12-23
SBI|SMART Technologies Inc.|2007-06-14
SBS|SBS-or Industrial Computers GmbH|1998-12-28
SBT|Senseboard Technologies AB|2002-09-03
SCA|Schneider Consumer Group|2022-02-08
SCB|SeeCubic B.V.|2012-11-02
SCC|SORD Computer Corporation|1996-11-29
SCD|Sanyo Electric Company Ltd|1996-11-29
SCE|Sun Corporation|1996-11-29
SCG|Seco S.p.A.|2021-06-10
SCH|Schlumberger Cards|1998-04-28
SCI|System Craft|1996-11-29
SCL|Sigmacom Co., Ltd.|2002-04-25
SCM|SCM Microsystems Inc|1996-11-29
SCN|Scanport, Inc.|2002-08-05
SCO|SORCUS Computer GmbH|2000-01-13
SCP|Scriptel Corporation|2007-06-14
SCR|Systran Corporation|1996-11-29
SCS|Nanomach Anstalt|1996-11-29
SCT|Smart Card Technology|2000-08-10
SCX|Socionext Inc.|2015-05-14
SDA|SAT (Societe Anonyme)|1996-11-29
SDC|Samsung Display Corp.|2023-04-25
SDD|Intrada-SDD Ltd|2007-11-21
SDE|Sherwood Digital Electronics Corporation|1996-11-29
SDF|SODIFF E&T CO., Ltd.|2007-06-01
SDH|Communications Specialies, Inc.|2005-09-06
SDI|Samtron Displays Inc|1996-11-29
SDK|SAIT-Devlonics|1996-11-29
SDR|SDR Systems|2001-03-15
SDS|SunRiver Data System|1996-11-29
SDT|Siemens AG|2006-02-14
SDX|SDX Business Systems Ltd|1996-11-29
SEA|Seanix Technology Inc.|1998-02-24
SEB|system elektronik GmbH|2000-04-19
SEC|Seiko Epson Corporation|1996-11-29
SEE|SeeColor Corporation|1996-11-29
SEG|DO NOT USE - SEG|2009-09-09
SEI|Seitz & Associates Inc|1998-01-30
SEL|Way2Call Communications|1997-03-20
SEM|Samsung Electronics Company Ltd|1996-11-29
SEN|Sencore|1997-05-23
SEO|SEOS Ltd|2003-02-20
SEP|SEP Eletronica Ltda.|2001-05-07
SER|Sony Ericsson Mobile Communications Inc.|2004-04-16
SES|Session Control LLC|2010-09-03
SET|SendTek Corporation|1999-11-08
SFL|Shiftall Inc.|2021-12-31
SFM|TORNADO Company|1997-04-15
SFT|Mikroforum Ring 3|2004-11-02
SGC|Spectragraphics Corporation|1996-11-29
SGD|Sigma Designs, Inc.|2006-02-14
SGE|Kansai Electric Company Ltd|1996-12-04
SGI|Scan Group Ltd|1996-11-29
SGL|Super Gate Technology Company Ltd|1997-12-30
SGM|SAGEM|2003-09-05
SGN|Shenzhen Soogeen Electronics Co., LTD.|2022-11-29
SGO|Logos Design A/S|2001-04-24
SGT|Stargate Technology|1996-11-29
SGW|Shanghai Guowei Science and Technology Co., Ltd.|2011-01-28
SGX|Silicon Graphics Inc|1996-11-29
SGZ|Systec Computer GmbH|1997-10-02
SHC|ShibaSoku Co., Ltd.|2005-05-26
SHG|Soft & Hardware development Goldammer GmbH|1996-11-29
SHI|Jiangsu Shinco Electronic Group Co., Ltd|2004-08-10
SHP|Sharp Corporation|1996-11-29
SHR|Digital Discovery|1997-09-24
SHT|Shin Ho Tech|1996-11-29
SHU|Shure Inc.|2024-06-13
SIA|SIEMENS AG|2001-03-15
SIB|Sanyo Electric Company Ltd|1996-11-29
SIC|Sysmate Corporation|1997-05-05
SID|Seiko Instruments Information Devices Inc|1996-12-16
SIE|Siemens|1996-11-29
SIG|Sigma Designs Inc|1996-11-29
SII|Silicon Image, Inc.|2000-01-13
SIL|Silicon Laboratories, Inc|1998-07-16
SIM|S3 Inc|1996-11-29
SIN|Singular Technology Co., Ltd.|1999-11-08
SIR|Sirius Technologies Pty Ltd|1998-03-13
SIS|Silicon Integrated Systems Corporation|1996-11-29
SIT|Sitintel|1996-11-29
SIU|Seiko Instruments USA Inc|1996-11-29
SIX|Zuniq Data Corporation|1996-11-29
SJE|Sejin Electron Inc|1997-08-20
SKD|Schneider & Koch|1996-11-29
SKG|Shenzhen KTC Technology Group|2021-06-01
SKI|LLC SKTB â€œSKITâ€|2019-10-22
SKM|Guangzhou Teclast Information Technology Limited|2015-11-18
SKT|Samsung Electro-Mechanics Company Ltd|1996-11-29
SKW|Skyworth|2020-07-15
SKY|SKYDATA S.P.A.|1997-09-19
SLA|Systeme Lauer GmbH&Co KG|1999-03-20
SLB|Shlumberger Ltd|1996-11-29
SLC|Syslogic Datentechnik AG|1999-01-20
SLF|StarLeaf|2010-11-01
SLH|Silicon Library Inc.|2008-11-01
SLI|Symbios Logic Inc|1996-11-29
SLK|Silitek Corporation|1997-07-16
SLM|Solomon Technology Corporation|1998-01-16
SLR|Schlumberger Technology Corporate|2000-08-10
SLS|Schnick-Schnack-Systems GmbH|2009-05-06
SLT|Salt Internatioinal Corp.|2006-09-05
SLX|Specialix|1996-11-29
SMA|SMART Modular Technologies|1997-04-04
SMB|Schlumberger|1999-07-16
SMC|Standard Microsystems Corporation|1996-11-29
SME|Sysmate Company|1997-09-02
SMI|SpaceLabs Medical Inc|1996-11-29
SMK|SMK CORPORATION|2000-02-21
SML|Sumitomo Metal Industries, Ltd.|1999-09-13
SMM|Shark Multimedia Inc|1996-11-29
SMN|Somnium Space Ltd.|2024-02-29
SMO|STMicroelectronics|2007-06-14
SMP|Simple Computing|1996-11-29
SMR|B.& V. s.r.l.|1997-03-21
SMS|Silicom Multimedia Systems Inc|1996-12-04
SMT|Silcom Manufacturing Tech Inc|1996-11-29
SNC|Sentronic International Corp.|2000-10-23
SNI|Siemens Microdesign GmbH|1996-11-29
SNK|S&K Electronics|2000-02-21
SNN|SUNNY ELEKTRONIK|2014-11-14
SNO|SINOSUN TECHNOLOGY CO., LTD|2005-06-27
SNP|Siemens Nixdorf Info Systems|1996-11-29
SNS|Cirtech (UK) Ltd|1997-08-20
SNT|SuperNet Inc|1998-04-23
SNV|SONOVE GmbH|2018-03-29
SNW|Snell & Wilcox|2002-04-25
SNX|Sonix Comm. Ltd|1996-11-29
SNY|Sony|1996-11-29
SOC|Santec Corporation|2015-01-12
SOI|Silicon Optix Corporation|2005-07-28
SOL|Solitron Technologies Inc|1996-11-29
SON|Sony|1996-11-29
SOR|Sorcus Computer GmbH|1996-11-29
SOT|Sotec Company Ltd|1997-05-21
SOY|SOYO Group, Inc|2006-12-18
SPC|SpinCore Technologies, Inc|1994-01-01
SPE|SPEA Software AG|1996-11-29
SPH|G&W Instruments GmbH|2002-02-25
SPI|SPACE-I Co., Ltd.|2005-05-11
SPK|SpeakerCraft|2010-04-20
SPL|Smart Silicon Systems Pty Ltd|2000-08-10
SPN|Sapience Corporation|1996-11-29
SPO|SAMPO CORPORATION|2021-12-10
SPR|pmns GmbH|2002-10-08
SPS|Synopsys Inc|1996-11-29
SPT|Sceptre Tech Inc|1996-11-29
SPU|SIM2 Multimedia S.P.A.|2002-09-05
SPX|Simplex Time Recorder Co.|2001-03-15
SQT|Sequent Computer Systems Inc|1996-11-29
SRC|Integrated Tech Express Inc|1996-11-29
SRD|Setred|2006-09-05
SRF|Surf Communication Solutions Ltd|1998-03-23
SRG|Intuitive Surgical, Inc.|2006-02-16
SRS|SR-Systems e.K.|2012-11-19
SRT|SeeReal Technologies GmbH|2005-06-27
SSC|Sierra Semiconductor Inc|1996-11-29
SSD|FlightSafety International|2000-08-10
SSE|Samsung Electronic Co.|2000-08-10
SSG|Steelseries ApS|2022-09-23
SSI|S-S Technology Inc|1996-11-29
SSJ|Sankyo Seiki Mfg.co., Ltd|2003-01-28
SSL|Shenzhen South-Top Computer Co., Ltd.|2013-12-06
SSP|Spectrum Signal Proecessing Inc|1996-11-29
SSS|S3 Inc|1996-11-29
SST|SystemSoft Corporation|1996-11-29
STA|ST Electronics Systems Assembly Pte Ltd|1998-12-28
STB|STB Systems Inc|1996-11-29
STC|STAC Electronics|1996-11-29
STD|STD Computer Inc|1996-11-29
STE|SII Ido-Tsushin Inc|1997-04-03
STF|Starflight Electronics|1997-05-23
STG|StereoGraphics Corp.|2001-10-02
STH|Semtech Corporation|2001-11-30
STI|Smart Tech Inc|1996-11-29
STK|SANTAK CORP.|1998-11-27
STL|SigmaTel Inc|1997-03-03
STM|SGS Thomson Microelectronics|1997-11-11
STN|Samsung Electronics America|2000-08-10
STO|Stollmann E+V GmbH|1997-03-27
STP|StreamPlay Ltd|2009-02-04
STQ|Synthetel Corporation|2015-12-21
STR|Starlight Networks Inc|1996-11-29
STS|SITECSYSTEM CO., LTD.|2005-03-16
STT|Star Paging Telecom Tech (Shenzhen) Co. Ltd.|1998-09-23
STU|Sentelic Corporation|2012-07-27
STV|Beijing Guochengwantong Information Technology Co., Ltd.|2021-09-21
STW|Starwin Inc.|2001-04-24
STX|ST-Ericsson|2011-12-09
STY|SDS Technologies|1999-11-08
SUB|Subspace Comm. Inc|1996-11-29
SUM|Summagraphics Corporation|1996-11-29
SUN|Sun Electronics Corporation|1996-11-29
SUP|Supra Corporation|1996-11-29
SUR|Surenam Computer Corporation|1996-11-29
SVA|SGEG|2000-02-21
SVC|Intellix Corp.|2008-01-18
SVD|SVD Computer|1998-04-14
SVI|Sun Microsystems|2003-01-13
SVR|Sensics, Inc.|2015-08-27
SVS|SVSI|2008-08-09
SVT|SEVIT Co., Ltd.|2002-06-25
SWC|Software CafÃ©|1996-11-29
SWI|Sierra Wireless Inc.|2003-07-10
SWL|Sharedware Ltd|1998-08-11
SWO|Guangzhou Shirui Electronics Co., Ltd.|2015-10-16
SWS|Static|1999-05-16
SWT|Software Technologies Group,Inc.|2008-11-29
SXB|Syntax-Brillian|2006-05-08
SXD|Silex technology, Inc.|2009-03-12
SXG|SELEX GALILEO|2012-10-01
SXI|Silex Inside|2018-03-29
SXL|SolutionInside|2001-05-08
SXT|SHARP TAKAYA ELECTRONIC INDUSTRY CO.,LTD.|2010-06-24
SYC|Sysmic|1996-11-29
SYE|SY Electronics Ltd|2010-09-20
SYK|Stryker Communications|2005-10-10
SYL|Sylvania Computer Products|1998-06-12
SYM|Symicron Computer Communications Ltd.|1996-11-29
SYN|Synaptics Inc|1996-11-29
SYP|SYPRO Co Ltd|1998-11-27
SYS|Sysgration Ltd|1997-04-28
SYT|Seyeon Tech Company Ltd|1997-12-02
SYV|SYVAX Inc|1996-11-29
SYX|Prime Systems, Inc.|2003-10-21
SZM|Shenzhen MTC Co., Ltd|2013-08-09
TAA|Tandberg|2003-10-21
TAB|Todos Data System AB|1997-08-20
TAG|Teles AG|1996-11-29
TAI|Toshiba America Info Systems Inc|1996-11-29
TAM|Tamura Seisakusyo Ltd|1997-07-17
TAS|Taskit Rechnertechnik GmbH|1997-12-15
TAT|Teleliaison Inc|1997-04-29
TAV|Thales Avionics|2015-11-18
TAX|Taxan (Europe) Ltd|1997-03-13
TBB|Triple S Engineering Inc|1997-09-26
TBC|Turbo Communication, Inc|1998-09-01
TBS|Turtle Beach System|1996-11-29
TCC|Tandon Corporation|1996-11-29
TCD|Taicom Data Systems Co., Ltd.|2001-10-08
TCE|Century Corporation|1996-11-29
TCF|Televic Conference|2017-02-28
TCH|Interaction Systems, Inc|1999-03-20
TCI|Tulip Computers Int'l B.V.|1996-11-29
TCJ|TEAC America Inc|1996-11-29
TCL|Technical Concepts Ltd|1996-11-29
TCM|3Com Corporation|1996-11-29
TCN|Tecnetics (PTY) Ltd|1996-11-29
TCO|Thomas-Conrad Corporation|1996-11-29
TCR|Thomson Consumer Electronics|1998-08-20
TCS|Tatung Company of America Inc|1996-11-29
TCT|Telecom Technology Centre Co. Ltd.|1999-07-16
TCX|FREEMARS Heavy Industries|2001-03-15
TDC|Teradici|2007-10-11
TDD|Tandberg Data Display AS|1996-11-29
TDG|Six15 Technologies|2016-09-14
TDM|Tandem Computer Europe Inc|1996-11-29
TDP|3D Perception|2002-05-16
TDS|Tri-Data Systems Inc|1996-11-29
TDT|TDT|1996-11-29
TDV|TDVision Systems, Inc.|2008-01-18
TDY|Tandy Electronics|1996-11-29
TEA|TEAC System Corporation|1996-11-29
TEC|Tecmar Inc|1996-11-29
TEK|Tektronix Inc|1999-05-16
TEL|Promotion and Display Technology Ltd.|2001-04-24
TEN|Tencent|2017-06-20
TER|TerraTec Electronic GmbH|1997-03-21
TET|TETRADYNE CO., LTD.|2016-04-27
TEV|TelevÃ©s, S.A.|2017-06-22
TEZ|Tech Source Inc.|2013-08-14
TGC|Toshiba Global Commerce Solutions, Inc.|2012-06-26
TGI|TriGem Computer Inc|1996-11-29
TGM|TriGem Computer,Inc.|2001-07-05
TGS|Torus Systems Ltd|1996-11-29
TGV|Grass Valley Germany GmbH|2007-06-14
TGW|TECHNOGYM S.p.A.|2021-01-08
THN|Thundercom Holdings Sdn. Bhd.|1997-03-21
TIC|Trigem KinfoComm|2003-02-26
TIL|Technical Illusions Inc.|2014-02-14
TIP|TIPTEL AG|1998-02-24
TIV|OOO Technoinvest|1997-08-05
TIX|Tixi.Com GmbH|1998-10-16
TKC|Taiko Electric Works.LTD|2001-03-15
TKG|Tek Gear|2015-10-16
TKN|Teknor Microsystem Inc|1996-11-29
TKO|TouchKo, Inc.|2006-01-12
TKS|TimeKeeping Systems, Inc.|1998-08-31
TLA|Ferrari Electronic GmbH|1996-12-04
TLD|Telindus|1996-11-29
TLE|Zhejiang Tianle Digital Electric Co., Ltd.|2014-01-17
TLF|Teleforce.,co,ltd|2012-11-19
TLI|TOSHIBA TELI CORPORATION|2008-01-18
TLK|Telelink AG|1998-09-01
TLL|Thinklogical|2015-06-01
TLN|Techlogix Networx|2017-02-28
TLS|Teleste Educational OY|1996-11-29
TLT|Dai Telecom S.p.A.|2003-06-04
TLV|S3 Inc|1997-01-07
TLX|Telxon Corporation|1996-11-29
TLY|Truly Semiconductors Ltd.|2021-06-01
TMA|Tianma Microelectronics Ltd.|2022-10-20
TMC|Techmedia Computer Systems Corporation|1998-02-10
TME|AT&T Microelectronics|1996-11-29
TMI|Texas Microsystem|1996-11-29
TMM|Time Management, Inc.|1999-03-20
TMO|Terumo Corporation|2021-02-02
TMR|Taicom International Inc|1996-11-29
TMS|Trident Microsystems Ltd|2002-07-15
TMT|T-Metrics Inc.|2000-02-21
TMV|TeamViewer Germany GmbH|2024-01-04
TMX|Thermotrex Corporation|1996-11-29
TNC|TNC Industrial Company Ltd|1998-02-27
TNJ|DO NOT USE - TNJ|2009-09-09
TNM|TECNIMAGEN SA|2005-05-02
TNY|Tennyson Tech Pty Ltd|1996-11-29
TOE|TOEI Electronics Co., Ltd.|2001-10-02
TOG|The OPEN Group|1999-09-13
TOL|TCL Corporation|2016-03-30
TOM|Ceton Corporation|2014-05-08
TON|TONNA|2012-03-14
TOP|Orion Communications Co., Ltd.|2007-04-30
TOS|Dynabook Inc.|1996-11-29
TOU|Touchstone Technology|2001-05-07
TPC|Touch Panel Systems Corporation|1997-09-02
TPD|Times (Shanghai) Computer Co., Ltd.|2013-12-12
TPE|Technology Power Enterprises Inc|1996-11-29
TPJ|Junnila|2001-03-15
TPK|TOPRE CORPORATION|2009-02-13
TPR|Topro Technology Inc|1998-05-08
TPS|Teleprocessing Systeme GmbH|1997-01-24
TPT|Thruput Ltd|2010-06-16
TPV|Top Victory Electronics ( Fujian ) Company Ltd|1999-05-16
TPZ|Ypoaz Systems Inc|1996-11-29
TRA|TriTech Microelectronics International|1997-01-24
TRB|Triumph Board a.s.|2013-09-27
TRC|Trioc AB|2000-01-13
TRD|Trident Microsystem Inc|1996-11-29
TRE|Tremetrics|1997-04-24
TRI|Tricord Systems|1996-11-29
TRL|Royal Information|1996-11-29
TRM|Tekram Technology Company Ltd|1996-11-29
TRN|Datacommunicatie Tron B.V.|1996-11-29
TRP|TRAPEZE GROUP|2017-02-28
TRS|Torus Systems Ltd|1996-11-29
TRT|Tritec Electronic AG|2012-01-11
TRU|Aashima Technology B.V.|1998-05-08
TRV|Trivisio Prototyping GmbH|2011-11-18
TRX|Trex Enterprises|2000-02-21
TSB|Toshiba America Info Systems Inc|1996-11-29
TSC|Sanyo Electric Company Ltd|1996-11-29
TSD|TechniSat Digital GmbH|2005-07-14
TSE|Tottori Sanyo Electric|1996-11-29
TSF|Racal-Airtech Software Forge Ltd|1996-11-29
TSG|The Software Group Ltd|1996-11-29
TSH|ELAN MICROELECTRONICS CORPORATION|2014-11-14
TSI|TeleVideo Systems|1996-11-29
TSL|Tottori SANYO Electric Co., Ltd.|2001-11-06
TSP|U.S. Navy|2002-10-17
TST|Transtream Inc|1997-04-29
TSV|TRANSVIDEO|2010-05-04
TSW|VRSHOW Technology Limited|2018-03-29
TSY|TouchSystems|2008-01-18
TTA|Topson Technology Co., Ltd.|1998-09-23
TTB|National Semiconductor Japan Ltd|1997-04-14
TTC|Telecommunications Techniques Corporation|1996-11-29
TTE|TTE, Inc.|2005-01-18
TTI|Trenton Terminals Inc|1996-11-29
TTK|Totoku Electric Company Ltd|1996-11-29
TTL|2-Tel B.V|1999-03-20
TTP|Toshiba Corporation|2015-07-07
TTR|Hubei Century Joint Innovation Technology Co.Ltd|2021-06-18
TTS|TechnoTrend Systemtechnik GmbH|1996-11-29
TTX|Taitex Corporation|2016-02-03
TTY|TRIDELITY Display Solutions GmbH|2010-07-19
TUA|T+A elektroakustik GmbH|2011-01-05
TUT|Tut Systems|1997-08-19
TVD|Tecnovision|2006-03-13
TVI|Truevision|1996-11-29
TVL|Total Vision LTD|2017-02-07
TVM|Taiwan Video & Monitor Corporation|1996-11-29
TVO|TV One Ltd|2008-09-02
TVR|TV Interactive Corporation|1996-11-29
TVS|TVS Electronics Limited|2008-05-20
TVV|TV1 GmbH|2012-02-06
TWA|Tidewater Association|1996-11-29
TWE|Kontron Electronik|1996-11-29
TWH|Twinhead International Corporation|1996-11-29
TWI|Easytel oy|1999-07-16
TWK|TOWITOKO electronics GmbH|1998-04-14
TWX|TEKWorx Limited|2009-12-24
TXL|Trixel Ltd|2000-08-10
TXN|Texas Insturments|1996-11-29
TXT|Textron Defense System|1996-11-29
TYN|Tyan Computer Corporation|1996-11-29
UAS|Ultima Associates Pte Ltd|1997-01-02
UBI|Ungermann-Bass Inc|1996-11-29
UBL|Ubinetics Ltd.|2002-05-23
UBU|Canonical Ltd.|2013-05-24
UDN|Uniden Corporation|2004-10-18
UEC|Ultima Electronics Corporation|1998-09-01
UEG|Elitegroup Computer Systems Company Ltd|1996-11-29
UEI|Universal Electronics Inc|1997-08-20
UET|Universal Empowering Technologies|1997-09-26
UFG|UNIGRAF-USA|2008-10-09
UFO|UFO Systems Inc|1996-11-29
UGR|Ugreen Group Ltd.|2025-01-28
UHB|XOCECO|1998-11-27
UIC|Uniform Industrial Corporation|1996-11-29
UJR|Ueda Japan Radio Co., Ltd.|2003-07-09
ULT|Ultra Network Tech|1996-11-29
UMC|United Microelectr Corporation|1996-11-29
UMG|Umezawa Giken Co.,Ltd|2008-04-10
UMM|Universal Multimedia|2001-10-08
UMT|UltiMachine|2016-08-11
UNA|Unisys DSD|1996-11-29
UNB|Unisys Corporation|1996-11-29
UNC|Unisys Corporation|1996-11-29
UND|DO NOT USE - UND|1996-11-29
UNE|DO NOT USE - UNE|1996-11-29
UNF|DO NOT USE - UNF|1996-11-29
UNI|Uniform Industry Corp.|2001-11-06
UNM|Unisys Corporation|1996-11-29
UNO|Unisys Corporation|1996-11-29
UNP|Unitop|2001-11-06
UNS|Unisys Corporation|1996-11-29
UNT|Unisys Corporation|1996-11-29
UNY|Unicate|1998-07-21
UPP|UPPI|1998-04-14
UPS|Systems Enhancement|1996-11-29
URD|Video Computer S.p.A.|1998-02-24
USA|Utimaco Safeware AG|1998-05-04
USD|U.S. Digital Corporation|1996-11-29
USE|U. S. Electronics Inc.|2013-10-28
USI|Universal Scientific Industrial Co., Ltd.|2003-11-04
USR|U.S. Robotics Inc|1996-11-29
UTC|Unicompute Technology Co., Ltd.|2020-10-19
UTD|Up to Date Tech|1996-11-29
UWC|Uniwill Computer Corp.|2004-04-16
VAD|Vaddio, LLC|2012-11-30
VAI|VAIO Corporation|2014-04-18
VAL|Valence Computing Corporation|1996-11-29
VAR|Varian Australia Pty Ltd|2000-04-19
VAT|VADATECH INC|2018-07-09
VAV|aviica|2021-06-01
VBR|VBrick Systems Inc.|2009-08-19
VBT|Valley Board Ltda|2001-03-15
VCC|Virtual Computer Corporation|1996-11-29
VCE|VARCem|2021-07-21
VCI|VistaCom Inc|1996-11-29
VCJ|Victor Company of Japan, Limited|2009-02-06
VCM|Vector Magnetics, LLC|2006-04-12
VCX|VCONEX|2005-06-15
VDA|Victor Data Systems|2000-05-24
VDC|VDC Display Systems|2009-04-29
VDM|Vadem|1996-11-29
VDO|Video & Display Oriented Corporation|1996-11-29
VDS|Vidisys GmbH & Company|1996-11-29
VDT|Viditec, Inc.|1999-11-08
VEC|Vector Informatik GmbH|1997-09-10
VEK|Vektrex|1996-12-13
VES|Vestel Elektronik Sanayi ve Ticaret A. S.|1997-09-19
VFI|VeriFone Inc|1998-05-29
VHI|Macrocad Development Inc.|2000-04-19
VIA|VIA Tech Inc|1996-11-29
VIB|Tatung UK Ltd|1999-07-16
VIC|Victron B.V.|1996-11-29
VID|Ingram Macrotron Germany|2000-05-24
VIK|Viking Connectors|1996-11-29
VIM|Via Mons Ltd.|2012-08-29
VIN|Vine Micros Ltd|2000-04-19
VIO|Zake IP Holdings LLC (3B tech)|2021-06-18
VIR|Visual Interface, Inc|1998-11-27
VIS|Visioneer|1996-11-29
VIT|Visitech AS|2006-09-05
VIZ|VIZIO, Inc|2012-06-06
VLB|ValleyBoard Ltda.|1998-04-05
VLC|VersaLogic Corporation|2016-05-25
VLK|Vislink International Ltd|2012-08-27
VLM|LENOVO BEIJING CO. LTD.|2019-05-21
VLT|VideoLan Technologies|1997-10-17
VLV|Valve Corporation|2013-03-06
VMI|Vermont Microsystems|1996-11-29
VML|Vine Micros Limited|2004-06-16
VMW|VMware Inc.,|2011-10-18
VNC|Vinca Corporation|1996-11-29
VNX|Venetex Corporation|2022-04-08
VOB|MaxData Computer AG|2000-02-21
VPI|Video Products Inc|2010-05-04
VPR|Best Buy|2002-05-16
VPX|VPixx Technologies Inc.|2013-12-05
VQ@|Vision Quest|2009-10-26
VRC|Virtual Resources Corporation|1996-11-29
VRG|VRgineers, Inc.|2017-09-07
VRM|VRmagic Holding AG|2013-04-12
VRS|VRstudios, Inc.|2017-06-22
VRT|Varjo Technologies|2017-11-17
VSC|ViewSonic Corporation|1996-11-29
VSD|3M|1998-10-16
VSI|VideoServer|1997-06-25
VSN|Ingram Macrotron|2000-08-10
VSP|Vision Systems GmbH|1996-11-29
VSR|V-Star Electronics Inc.|2000-02-21
VTB|Videotechnik Breithaupt|2013-07-23
VTC|VTel Corporation|1996-11-29
VTG|Voice Technologies Group Inc|1997-04-24
VTI|VLSI Tech Inc|1996-11-29
VTK|Viewteck Co., Ltd.|2001-10-08
VTL|Vivid Technology Pte Ltd|1996-11-29
VTM|Miltope Corporation|2009-09-23
VTN|VIDEOTRON CORP.|2010-05-04
VTS|VTech Computers Ltd|1996-11-29
VTV|VATIV Technologies|2006-04-12
VTX|Vestax Corporation|2012-02-14
VUT|Vutrix (UK) Ltd|2003-07-22
VVI|VITEC|2023-06-12
VWB|Vweb Corp.|2004-03-12
WAC|Wacom Tech|1996-11-29
WAL|Wave Access|1996-12-13
WAN|DO NOT USE - WAN|2009-09-09
WAV|Wavephore|1996-11-29
WBN|MicroSoftWare|1998-01-14
WBS|WB Systemtechnik GmbH|1997-09-08
WCI|Wisecom Inc|1996-11-29
WCS|Woodwind Communications Systems Inc|1996-11-29
WDC|Western Digital|1996-11-29
WDE|Westinghouse Digital Electronics|2003-05-23
WEB|WebGear Inc|1998-01-30
WEC|Winbond Electronics Corporation|1996-11-29
WEL|W-DEV|2010-11-01
WEY|WEY Design AG|2004-10-18
WHI|Whistle Communications|1998-10-24
WII|Innoware Inc|1998-01-30
WIL|WIPRO Information Technology Ltd|1996-11-29
WIN|Wintop Technology Inc|1996-12-29
WIP|Wipro Infotech|2004-01-09
WKH|Uni-Take Int'l Inc.|2002-06-17
WLD|Wildfire Communications Inc|1997-02-13
WLF|WOLF Advanced Technology|2019-10-22
WMI|Weidmuller Interface GmbH & Co. KG|2022-09-23
WML|Wolfson Microelectronics Ltd|1997-07-30
WMO|Westermo Teleindustri AB|2000-01-13
WMT|Winmate Communication Inc|2001-03-15
WNI|WillNet Inc.|2000-04-19
WNV|Winnov L.P.|1997-03-07
WNX|Diebold Nixdorf Systems GmbH|2004-09-20
WPA|Matsushita Communication Industrial Co., Ltd.|2001-03-15
WPI|Wearnes Peripherals International (Pte) Ltd|1998-03-31
WRC|WiNRADiO Communications|1997-09-11
WSC|CIS Technology Inc|1996-11-29
WSP|Wireless And Smart Products Inc.|1999-03-20
WST|Wistron Corporation|2010-09-03
WTC|ACC Microelectronics|1996-11-29
WTI|WorkStation Tech|1996-11-29
WTK|Wearnes Thakral Pte|1996-11-29
WTS|Restek Electric Company Ltd|1996-11-29
WVM|Wave Systems Corporation|1997-12-05
WVV|WolfVision GmbH|2012-09-18
WWP|Wipotec Wiege- und Positioniersysteme GmbH|2014-04-08
WWV|World Wide Video, Inc.|1998-10-24
WXT|Woxter Technology Co. Ltd|2010-09-03
WYR|WyreStorm Technologies LLC|2018-09-05
WYS|Myse Technology|1996-11-29
WYT|Wooyoung Image & Information Co.,Ltd.|2008-01-18
XAC|XAC Automation Corp|1999-02-22
XAD|Alpha Data|2009-10-08
XDM|XDM Ltd.|2010-11-22
XER|DO NOT USE - XER|2009-09-09
XES|Extreme Engineering Solutions, Inc.|2017-06-22
XFG|Jan Strapko - FOTO|2001-05-07
XFO|EXFO Electro Optical Engineering|1998-04-29
XIN|Xinex Networks Inc|1997-02-07
XIO|Xiotech Corporation|1998-05-29
XIR|Xirocm Inc|1996-11-29
XIT|Xitel Pty ltd|1996-11-29
XLX|Xilinx, Inc.|2007-08-01
XMI|Xiaomi Corporation|2024-08-05
XMM|C3PO S.L.|1998-03-03
XNT|XN Technologies, Inc.|2003-07-14
XOC|DO NOT USE - XOC|2009-09-09
XQU|SHANGHAI SVA-DAV ELECTRONICS CO., LTD|2003-07-24
XRC|Xircom Inc|1996-11-29
XRO|XORO ELECTRONICS (CHENGDU) LIMITED|2005-05-23
XSN|Xscreen AS|2006-02-14
XST|XS Technologies Inc|1998-01-20
XSY|XSYS|1998-04-23
XTD|Icuiti Corporation|2007-06-14
XTE|X2E GmbH|2009-09-23
XTL|Crystal Computer|1996-11-29
XTN|X-10 (USA) Inc|1997-02-24
XYC|Xycotec Computer GmbH|2002-09-03
XYE|Shenzhen Zhuona Technology Co., Ltd.|2013-10-01
YED|Y-E Data Inc|1996-11-29
YHQ|Yokogawa Electric Corporation|1996-11-29
YHW|Exacom SA|1996-11-29
YMH|Yamaha Corporation|1996-11-29
YOW|American Biometric Company|1999-05-16
ZAN|Zandar Technologies plc|2003-12-03
ZAX|Zefiro Acoustics|1996-11-29
ZAZ|ZeeVee, Inc.|2008-01-18
ZBR|Zebra Technologies International, LLC|2003-09-15
ZBX|Zebax Technologies|2015-10-16
ZCT|ZeitControl cardsystems GmbH|1999-01-20
ZDS|Zenith Data Systems|1996-11-29
ZEN|ZENIC Inc.|2015-04-17
ZGT|Zenith Data Systems|1996-11-29
ZIC|Nationz Technologies Inc.|2009-03-12
ZMC|HangZhou ZMCHIVIN|2015-10-16
ZMT|Zalman Tech Co., Ltd.|2007-05-07
ZMZ|Z Microsystems|2005-08-10
ZNI|Zetinet Inc|1996-11-29
ZNX|Znyx Adv. Systems|1996-11-29
ZOW|Zowie Intertainment, Inc|1999-02-22
ZRN|Zoran Corporation|2005-03-31
ZSE|Zenith Data Systems|1996-11-29
ZTC|ZyDAS Technology Corporation|2000-05-24
ZTE|ZTE Corporation|2010-09-03
ZTI|Zoom Telephonics Inc|1996-11-29
ZTM|ZT Group Int'l Inc.|2007-06-14
ZTT|Z3 Technology|2010-12-14
ZWE|Shenzhen Zowee Technology Co., LTD|2015-05-26
ZYD|Zydacron Inc|1997-04-10
ZYP|Zypcom Inc|1997-03-19
ZYT|Zytex Computers|1996-11-29
ZYX|Zyxel|1996-11-29
ZZZ|Boca Research Inc|1997-02-13